amount,hour,age,distance,fraud
-0.3193648076740106,-0.8319026186142412,0.5700731428419675,-0.970236557472558,-0.3264969126451204
2.336744510444623,0.6988549264078165,0.4085984507853775,0.5541048065829967,-0.3476215256096529
-0.5999155857468194,-1.2048462484669509,0.15804545774234013,-0.9955451571435692,-0.3452863703006698
-0.5583007699386926,1.8866671740458283,-1.4531977877769122,-1.110683468243041,-0.3429215552713462
-1.0153292815652566,1.3624491404608978,1.190344222175018,3.452532743925989,-0.30731798950252703
-0.790717776563149,0.09342526797877665,0.3648866049732511,0.13337125287563956,-0.32530248518603344
-0.6182805922559773,-0.8503165745277483,1.0493375224136394,-0.9354010626370572,-0.3577218529952234
-0.7705304066126909,-0.2867425755493972,-0.8226648247984131,1.0218814149601134,2.9033283715758347
0.5281879255238484,1.7200703508618227,-0.673594307806013,-1.4632852174671638,-0.34162695954735356
0.25794248628308986,0.8326796948487639,0.6212285344208681,-0.2595817367051847,2.95115129129088
-0.5815201603099619,0.11600892868106932,-0.10022840512970221,-0.37517505472681967,2.8343957023198274
-0.007774755656957608,1.2073145083021348,0.5877889783763374,0.24543091771840153,-0.34280155087656355
-0.8831503440328156,-0.7837600949607396,-0.3409275380595238,2.7206826744114307,-0.35875379739391633
-0.40036445910380786,0.21769218189411843,0.5229811893468175,-0.4169406945773985,-0.3147777455323624
0.2550414332972104,1.9604401291778966,-0.9786198447345201,-0.8112228986734424,3.060942461667792
0.10677746366499305,1.8761170105399556,-0.6224770425141068,0.31948967354950064,-0.3571633757225397
-1.1571760835933134,0.1970732056784204,-1.247360708618482,0.2478457531803745,-0.33335606539679763
-0.7307084598674413,1.74873872745399,-0.6990965136716107,0.7658376328967516,-0.3154167402955686
-0.034537972701615516,-0.7197413172542567,1.8457377890219795,3.034109899031801,-0.3300478265044868
0.10076714411168325,1.9215629706822648,-0.085503607522745,3.0033431116570117,-0.3325863062604699
0.15856911141116195,0.8257211044055136,0.5974758745630581,0.7815707215378133,-0.3513750128000689
-1.3388732866455448,-0.30136953711268766,2.024804863415409,1.2700202740810402,-0.3128339951740387
-0.9492278794679003,0.3940556387735822,0.2805718418981179,-0.07896297193474847,-0.32063770414530407
1.2460760513847284,1.8729500899331903,0.08969251057551089,3.003543147005062,3.180475300484727
0.0011093517083495819,-1.4345233037373186,0.42878201314068026,0.36610095181444424,-0.3420815066241543
-0.7700043447903874,-1.9080220575764995,-0.08185523780654402,0.2703743327686192,3.160431396721908
-0.33090626099313925,-0.7954206379678498,-0.2534092997279027,-0.4842377091268665,-0.32314046126792934
-0.43383915066591927,-1.6862565948186012,0.5096444708601106,0.2248156858218257,3.1970558264187914
-1.097546193169252,0.3305891166012005,-0.18999447150429283,0.2025023829012471,-0.33020368690835683
-0.9050538523047305,-0.9668772900508866,0.2432015186952167,0.5944517652255152,-0.3262162820876315
0.455222009645394,1.4449514008127693,-0.6535181596469358,0.600811505737032,-0.3190057976079247
-0.25957599221684113,1.1786221041157408,-0.7996256914438629,0.18391273128161384,-0.3313566094449404
-0.24234321431832784,0.9436207889252147,0.33277236311155906,0.6385305963980494,3.015322619364509
1.840845518785248,-1.620685384330957,1.2963546928417615,0.7137868756055652,-0.3167454005652943
-0.33501099255710987,0.8595038063512148,0.7957001619101737,1.3163507237572676,-0.3235227742725564
-0.21432421850769412,-0.17060601313032991,-0.02201072351132527,0.6672956693637544,3.0962218692106642
-0.012933871499996169,-0.4493972400027024,-0.13262641373833128,-0.24563477324888727,-0.35198380113615374
-0.9944768277013767,-0.4834714092249826,-0.8143531800025965,-0.9275626420190319,3.199369241360473
0.04527160762288229,0.4686338631374176,1.1543702041611306,-1.372942972884104,-0.33283275652950306
-0.7326326948074002,-0.03963559637763775,-0.9923960122552569,0.6158131858936746,-0.32708049263405287
-0.22353186451838702,0.6210276162115811,0.7043676098994911,-1.2928069348764637,3.056798880076
-1.2285429544475701,0.2869390638953929,-0.9987062441024838,-0.3759652834237704,-0.3538959070162574
-1.2670202515631928,-0.17903628428693424,0.7492820425575888,-0.5195386726944862,2.763955649816453
1.0388161126629152,-1.7223986764247865,-0.5884241412804394,0.47169848821871735,-0.32071034210526017
-0.9759800538283661,-0.24396114093972837,-0.6692161792750994,0.6037938628617883,-0.35550643064971377
-0.6673414585499766,1.6572527519161442,-0.8227383594091686,5.456527062832967,3.1604746120179072
-0.7831650141518887,1.4281830690825106,-0.27445877120745393,0.02924271509614662,-0.3624382755138989
0.4906501525828079,1.4547922159104671,-0.04964013753355129,0.2699586515119803,-0.34969447593404523
0.8894799051338593,-0.3606082138233212,0.2926496454085842,-0.6138839981700542,-0.34683760725239643
1.6850740667129216,1.7346006706809964,-0.35735856165452007,-1.0786908990985338,-0.338420192425355
1.6443184752865716,0.4594763789518652,0.6897371125828015,0.38139850141736764,-0.3457630113679113
-1.2447828713833726,1.621383449035774,-0.4356045160142895,-0.453752147788116,-0.3469667009190115
0.08567064071995639,-0.8537246919267407,-0.868704555278941,-1.300646370051842,-0.3335402910410268
0.6037376104570327,1.5804153118547428,-0.3801243671439524,2.31108298627907,-0.3256195062583528
1.7788248815183787,1.7357427326891852,1.9508898107815216,-0.06417844868111355,-0.33403909754999284
0.6972831657820263,1.7506512986939213,-1.0615056197315975,-0.9206706064476269,-0.35554714935739057
-1.0261944517906176,-1.1618737022714196,-0.563207822615674,0.14792210412715345,-0.3190345506072969
-0.906652814055976,0.2592646649019561,-0.2245529693950534,0.12229264488949776,3.0997056170449415
1.070089671942604,1.4553921347718903,0.3679207121747294,-1.3052826131714128,-0.3445884040770696
-0.9087984152359978,1.303187129332384,-0.4838889860433584,1.5892475788891196,-0.3299008123545158
-0.3228351865412063,1.0247497728900576,-0.12984099306443653,-0.15072030390116575,-0.33609845892662565
0.7148701845611019,1.0715505800903569,-1.3593504393589981,-1.1240202905725938,2.7801269816261835
-0.7053335361028716,0.5909331545229184,0.08505188673356656,-0.2372023018421865,-0.3162603648496939
-1.2360644919373494,0.4477093101136027,0.2712600521052875,1.1444009401671869,-0.31739973988861936
-1.2292909986015004,-0.5375415870389334,-0.9641432589213021,-0.23880702768250922,3.010287549136334
-0.6644589249909505,-0.7172825068131012,0.19772371887472012,-0.2722363346935598,-0.31541843039002576
0.4228661701698715,1.457487153236994,-0.14213393672609334,-0.9626370279931924,-0.3184855426771334
-0.9579113252896644,1.821828668985021,-1.499333326765408,1.1841173645578265,2.8773518683448143
-0.7181472987409203,0.31494804116899,0.5604634962222437,-0.7714792785794552,-0.320162704702643
0.01898182414592295,-0.36770551642636734,-0.3820378229859541,2.8529701770863145,-0.31103624276965164
0.042849053641712764,1.6572349513485543,0.8370875457292393,-0.22809909208300172,-0.30845206427687333
0.24338142475556515,-1.1684007440826594,1.2393270724793788,0.6770703251559249,3.0223807808603236
0.15786233545999523,1.761684938855699,2.843501467426455,-0.2824236919484466,-0.3396578234254153
0.031247055788935718,0.9533025376948914,-0.09643650457414027,0.4774306932870803,-0.3312224922934555
-0.8657984686893992,1.4336471437574512,-0.9311830164093272,0.7377029886792037,-0.3194222962494077
-0.4094664963101545,0.48962464525584404,-0.897084769209125,-1.1400641299739773,-0.3582383078876862
0.8756595359542308,-0.32339833544484964,-1.0955588288360203,0.2681670765002131,-0.33148778430777576
1.4366042325450157,1.58393548923487,-1.3870282873013746,0.7814163413089386,-0.315417817998205
0.28322939103023215,0.28018338629781936,1.043562543984885,-1.088352751478063,-0.3324273524756452
-0.4400390820167804,0.8612110635678586,0.3109701110884055,-1.4981374279934454,2.9860926322496084
2.455020323321114,1.8177061739835265,1.165619038300433,-1.0492318852112485,-0.34574840990114264
-1.2556637600510854,1.510083233422118,2.511687758250159,0.29749777405282035,-0.3238856391570259
2.465453680820991,1.7609430245132747,0.10678664502559276,2.6487844465475394,2.86234661432201
-0.46260276131341443,-0.761598253233708,-0.7533072848885372,-0.5954242400732016,-0.32300383638530966
-0.08135261503510721,1.6767010102871658,1.0363057247812413,-0.7203943608224208,-0.3054070221631119
-0.44863789641725554,1.0318902092117463,0.2921003569727404,-0.4011231777932784,-0.3212228111024882
-0.91893811032698,-0.6997647984140181,-0.49468129805477984,0.6083948324714352,-0.328663980104595
-0.2519133872063086,-0.9045750825393961,0.683643949564337,0.2593744663518795,-0.3214934107354379
1.02980838727332,0.49972952650841906,3.3013103775191412,-0.4647024660656374,3.1486018055543568
0.05988433941669319,1.4302333588963991,0.05089612288473572,0.6403105580491293,-0.33762016034117864
-0.9672763483948067,-1.3912273966205084,-0.3178823662075223,0.5891865330824013,2.727198803729149
0.10305687957417947,-1.3762460009445476,-0.1634449869252469,-1.0640632338919047,-0.3057054067350011
0.5379151504717378,2.0341526954685154,-0.7807452857698184,1.1335812738810527,-0.338464051981038
-0.5158102251962214,0.4934029021113037,0.6876058833388079,-0.8487652552946953,-0.30544723945827174
0.2802510861669563,1.6997390106321302,-0.4406603969554028,-1.123030363042896,-0.353476348421321
0.1569386883402877,1.8995769292731994,-0.6312499263723492,-1.244254106175826,-0.3572035141287969
-0.2830387452561156,0.6682721152521649,1.961116798701343,1.3996457048201716,2.8453820104577128
-0.19928493350155996,1.9180754627404974,-0.411861909117483,-0.2835599515026121,-0.31876276362950706
-0.27203303344884366,-0.16830203525453494,-0.03055669467758383,-0.13571772123175002,-0.34725288378443814
2.155692354123535,0.2031106425338589,-0.2264890491065058,-1.367856596229732,-0.34304547870636143
0.5996889968561306,1.275507281681426,0.9503129189886842,-1.154316066048135,-0.3599199331531467
0.7926452143732405,-0.3328895509085397,-1.3235511656801737,1.5872452115648068,-0.31177667529068775
-1.104244684915821,1.0928746957963615,-1.1982854806042282,2.5638462992029485,-0.338114185046108
0.708027714518163,0.23569437114259262,-0.7855936614896539,1.4472898042872777,-0.3662959508769378
-0.4227558619210392,1.1667030183427978,-0.9768939185170069,1.846927162233373,-0.3490571451918453
0.2257294956524773,-0.42295398589740274,2.092124800230639,-1.157156355650788,2.9847394859378764
0.6966951189616204,1.286106446706587,-0.8883788005640714,-0.13843614466255297,-0.3666115679942097
-0.7515154871359063,-0.057973214769099,-0.8569885344354484,1.8396543694384933,-0.3229284266169598
1.1626688706722994,1.1196724082645646,-0.46880462420701674,0.27635756705121733,-0.32202838981192705
-0.7849818054288938,1.7441496329950414,0.17123653212078593,-0.4472440053017237,2.971060896651898
-0.22019264394600796,-0.8308497074231191,-1.1971639279287813,-1.0938094698406005,-0.3284939023159442
1.0825069190468368,-1.0296249495521383,3.053248435975272,1.8127550768162997,-0.3652951154478967
-0.33582102471788877,-1.462662533034457,0.5180407164454921,-1.1265060055778404,-0.3210059388235551
0.1863046966026354,1.5917036174204684,-0.11428084340296979,0.26049559387753085,-0.3099482310918629
0.060226072054015534,-0.5830247872632057,-0.9671414214828075,-1.0873421038827513,2.863648063512701
0.06926189712665609,-0.354744434723448,-0.7732634258222066,-0.40536948948958035,-0.3372772362982334
-0.2634401144319366,-0.26345241558425336,1.703567965609881,-0.23588702718558718,-0.3526538854810612
0.41275074467803,-1.1514602992106624,-0.2553066440060071,4.217991075921,-0.3477833484768996
0.9638004246463159,1.611363117415161,-0.45339194284789563,-0.9675850159549293,-0.3537839061680704
-0.9398552791536882,0.7950834082678723,-0.3126521375701382,-1.204300480706681,-0.3320591097747939
1.7441002903616911,1.7815017950360836,1.3361545610329884,-0.034371892377679375,-0.32930484680786454
-0.17658489371721742,-0.3504744431449604,0.6125115161587532,1.1337253011115067,-0.319840784495758
-0.10784097321766317,1.3499521438501652,-0.124338834501668,-1.0149518448044885,2.993467085202426
1.0939371456854925,0.42529756912378325,0.14467216099467972,0.19292189704935725,-0.32050650521466784
-0.8489130390113868,0.4236541428532456,-0.19311455591054333,1.8969173493337117,-0.3460126613173527
1.478788860901285,-0.3294809886057114,0.688188221732312,2.265996916434975,-0.313533619401695
-0.5312735045551709,-1.5878491654211602,0.07259607482968955,0.5712498044102086,3.0611047972134826
-0.6899957566823745,-0.5756606184861696,-0.3637700565415553,1.4429908314049193,-0.33191623595511294
2.327441016468299,-0.7375031492917989,-0.9631944657634733,0.45112063066198815,-0.32346247239761744
-0.9899713580690316,-1.9460243018583654,-0.5924327143132531,0.6738958604604117,-0.3109321709247327
0.4383573130594347,-0.8962162906014026,-0.43974415359124397,-0.7539832737499356,-0.3664810830749976
1.3003039593395138,1.4799487356354004,0.38183592957759915,-0.05963523654035752,-0.3331853217323243
1.5984705127215753,1.3757492106091105,-0.8862656753512517,-1.318387959227583,-0.35877463074972077
-0.3970829211601329,1.5415118914203394,-1.0260049930631876,0.14495931445814958,-0.31502755593380916
0.9754981731784464,-0.17309573465450806,-0.3984693066030851,1.9673057196689778,-0.33400038984078406
0.5541209801755398,1.5894381101316517,0.23036211645833968,-0.10944524227984265,-0.3422684308757728
-0.3974226918614457,-1.4704816164176155,2.522471129043492,1.1228481458489774,-0.36762077901793394
-0.20016965044845658,-1.6410359379290698,-0.4366217189981613,-0.16661672599856792,-0.30757071478207243
-0.9576966157769695,0.08792799947483221,-1.1588390842901368,1.2227310147005734,-0.35316928673868836
-0.6205762997552949,-1.068377801381796,0.6847863432114157,0.3759032062329308,-0.31900785674199433
0.4067459630167434,1.037469303954484,-1.1977166689678898,0.17031730345747056,3.0205501827385244
0.048176978473569,0.860649443460528,-0.35684760121779263,4.181159314576108,-0.32170757003837924
-0.776754198263325,-0.011165869966631325,0.7292960401644851,-0.1904757530339733,-0.3247058751571604
0.5997807627080005,0.821653806655533,2.9868415006162814,3.2622428592165327,-0.31009628015726887
1.5108556184776711,0.8378824593528049,0.573276831828725,-0.6393471197985696,-0.35141293429445114
1.9131752708705525,2.1004994867067275,0.5732029215101462,1.5141571900291346,-0.32831099906365974
-0.8698340082699213,-0.714845564758649,0.08684583460196958,1.4188843090663696,-0.3084366555359523
-0.17039381632865455,1.2829939853500172,0.847757021316933,2.504468346300615,-0.32164574788068884
3.774501122631346,-0.30527416914295863,-0.9221774012895081,1.2424871883956614,-0.3241438666032573
1.8183302696016073,-0.776208194264433,0.2499846143508594,-0.4559025208501897,-0.32256311082810746
0.2783366376028312,-1.2635455652138208,-0.5811601665299482,-0.018169103580485846,-0.3443763904854258
0.3297806717792647,0.65924814848762,-1.1328376548506611,0.6944062957907231,-0.3143636937839621
1.8387814376717437,-1.2612968006292307,-0.10027358927920808,1.3526181025143105,-0.33020736393348116
3.0611269718385645,0.23413859883259946,-1.216435953208321,0.4799759948922704,-0.3492210749944882
0.29130856760122714,0.6618352960932445,-0.19616128191808302,-1.1142768380309611,3.067783751867342
3.3936691361857747,0.9262417939902612,-0.3346465244341732,1.2949122754013636,-0.32366839249008017
-0.4945184573992276,-1.192855670424609,-0.9180476437691902,-0.2344704726936987,-0.34167652760097333
-0.86729319837952,1.007326122246658,-0.40763871752296194,3.0760610183715276,-0.3087411051936466
-0.9357153989985976,1.7413833589070173,2.6847552346240704,-1.1209973633247616,-0.33304691382679436
0.045093171085025974,-1.1839346333985727,-0.8664123923965341,1.119936386477713,-0.3334494357615047
-0.5446168319004769,0.29914681790848563,0.6112533475656355,0.40957079966603516,-0.3074289260190781
-0.27848309330924004,0.09162932147286729,-0.2896437060945218,0.418324069989954,-0.33440040738710974
-1.10010114494357,1.133597551370617,-0.20415480067339142,1.2388454846657335,3.153590481221456
-0.43841025293790625,1.6641981445106002,0.39664902301089283,1.0396368996099385,-0.3359865142366405
0.9031787900614805,0.8811414743743067,-0.8778258016249126,2.1040114860044157,3.076154586495018
0.6322342706563822,-1.5391835417275992,0.33234895788195434,2.4019280911291467,-0.3360075387977514
2.113641756895489,0.25779884472064307,1.2764110651809495,-0.8068235695983498,-0.3284703185453468
3.661680721428235,0.3823417094846023,-0.28337117872589046,-0.7373442839201272,-0.3161321556747588
0.19842616576268604,-0.71047446264205,-0.5363392540252383,-0.5964848688165809,-0.34327520920787924
-0.36811275720899284,-0.6817543588966729,0.47859353911778,0.7429516167432537,-0.3530457079412098
-0.13284242459564072,1.2549270058128648,1.9133231190174715,-0.32093153480706305,3.103999305366399
4.143593277848285,-0.5066754209400504,-0.3676966628295767,0.5184942209997352,-0.31941539413897435
0.6423159414426343,0.38723192348793917,2.5137777646159076,-0.8847230815186664,-0.37191258669785204
1.713941244814734,1.3681266273346646,-0.558680522257491,-0.7140985624526534,-0.33584056308120547
-0.9890508214432447,1.7729429296896704,0.5293329892425743,-0.6756198686352282,-0.3428942427047821
-0.7326344778733921,-0.7047537022226821,-1.0611173780699037,0.3298541749854288,-0.33608875224884743
-0.9006306059594954,-0.1807882918032228,-0.6857762273947781,0.3993455554079097,-0.3139707227548747
0.00921289413338705,1.3935889875933098,-1.4252045687067105,0.2503380480247617,-0.3204404872370356
0.262435806362515,0.38294265311187814,-0.7294549046237754,2.463997359649153,-0.33087119800422726
0.14606922668221264,-1.4234456290206037,-0.4259347968112243,-1.330810017991142,-0.3191201143133901
-0.22021299786278659,0.7541247296029575,-0.4961180230069481,-0.1869532923780708,2.6927626848932014
0.29060086195593415,-1.3222730507618858,0.5992929139421125,-0.6453256123272726,-0.31976069755145
-0.06930196384940102,1.3212594981912962,-0.07045593106984338,0.6903578261968839,-0.32444024819927875
0.4926675812425351,1.7850064107866002,-0.27982199669705793,-1.2452002250761933,2.65079084488345
0.30871497033452355,-0.7632598726378335,-0.5702194713695496,1.6256350878757289,-0.3370707870484278
0.7466476757703292,-1.1702640738378347,2.3960246322911596,3.606428694663709,3.0018673734501284
-0.7853760178327227,-1.3748971135191366,2.5677268325406466,0.734619583971633,-0.310821512524991
0.0538671875812346,0.5819049653436285,2.8199418646913537,-0.25952494752204663,-0.3346497925907422
-1.0461791700493164,-0.9296062234747692,0.43794334404361174,3.0916932864679407,2.919038754524881
0.7867506560609074,0.9946625892585089,-1.01872412985175,1.3073186589245125,-0.3086967428883466
0.6473535829142454,-0.3005533707371491,-0.4835470710051236,-0.5753414672041194,-0.33860826490641427
-0.25000146882486807,0.2917118786193752,-0.9586572003984509,1.5370040566199008,-0.32742806243110517
0.5699786689191348,-1.1974739003959796,-0.45989809435250806,-0.6159832953457381,-0.3199819795863322
0.21065605417168815,-1.1935465245374963,-1.1866916976877995,-0.14735117723396374,-0.32183662426054294
-0.6884733615051536,1.5983346927611548,0.05645524578319516,-0.3220991042936712,-0.31927364014058124
-0.16004851435810502,2.031335334062818,-0.33315111281958576,0.014274766941954398,-0.363958855101514
0.6526271848303324,0.6565398954670201,-0.15325136624644586,-0.3183527473542836,3.175929382897551
0.7793877038514072,-0.17450298468386094,1.8941909166115227,-1.2227374551219117,3.059034777722415
0.35190204999315505,0.4630521073295376,-1.3080128024371795,0.313332596425463,2.867492964505108
1.0558678636999677,0.8021205772140669,-0.16783128329520225,-0.5281019452571717,2.9259361957882697
-1.04000629054645,-0.6884051668739581,-1.2422714385433686,1.7732442843616623,-0.3119540630052857
-0.39745812529231983,0.0356880718981909,-0.2776314842956193,0.44812016100348345,2.9191228826778532
0.006935259667554705,0.41802041814454494,-0.9675898067948471,0.14519332399289486,-0.33187022032560703
-0.4029964774599803,-0.03410619607490045,0.6364406897298428,-1.018461949295697,-0.3096641427936571
-0.15022623933935156,1.3983017606454133,-1.3028383255231792,5.704016115622233,-0.3005057723051868
0.28011444243936534,1.4580818213785973,-0.9180914467684957,1.7068982163401774,3.1991209861761
0.3950530774471843,1.3372925506997304,-0.6303540877269787,0.35299565424784357,-0.34835254227217066
-0.9269539697922422,1.1366633833421582,1.018590636438217,1.427943119333467,-0.30196877636485514
-0.18335775167073565,0.025258227243683873,-0.506005203908693,-0.3214805060744631,-0.30794032132496985
-1.0205431140244188,1.2841470545795972,-0.8439965052983578,0.05227298797463664,-0.3274764079574399
-1.2965990553238211,1.1135295208725016,-0.33083266045209053,1.1266385732784345,-0.32668398497534584
0.4836706964899183,0.8615228676366748,1.04240274899231,1.8382586841574078,-0.31893282938425743
0.40093510112546604,0.27757233760161465,0.0005492558003752368,-0.8166410047759229,-0.33366289108127223
0.957543599676704,1.1331764054425144,-1.0455794308672661,2.5222520620170403,-0.331825531767896
2.4879913822313995,-0.1811732881410334,1.3595543208765195,-0.7375321895508906,-0.3153704739598042
0.7916844804041887,-1.47824966145008,-0.2715358775518424,-1.5273696419313225,3.136400921643986
0.051230209767614054,0.7825817694024074,5.706004631964037,-1.2490792572643437,-0.34257564943262364
-1.2587865925649122,1.3907459083873348,1.0830746334874126,-0.02614828758995058,3.1510249732682736
0.33511006071910426,1.8410447768043041,-0.06296820701835182,-0.4284480813866454,-0.32926405857098534
-0.30206454313827835,1.2052678815896571,-0.5483044037912115,2.3107595342765297,-0.3362337874907515
0.7386299953971548,0.22088140694750574,0.3735626081809106,-0.6630802753907435,-0.31937247590172313
-0.50227695219316,-0.4117665748093661,0.5016455284795668,-0.5503062013658391,-0.33325103819389634
0.5799131288028658,-0.4749938612558823,0.26678134404575504,0.6259412956896304,3.160246681420985
-0.5971240978816481,0.9724469987456417,2.1613482547949623,0.846500718926252,-0.3298585773753877
-0.8045835290305953,1.404807192110092,1.3535898259791619,1.2102514389216659,-0.35657117277541567
0.6041033237902328,1.310018511560587,1.3606177213142376,-0.8963925653791984,-0.3315927553524751
-0.7856954383476229,0.6659348531317595,-0.17097949329967588,-0.22643028373290333,3.2253736312880186
3.6853573543566327,0.6142630322841043,-0.3204820894429306,2.040968492978839,-0.3255816716754735
-0.012600149310394104,1.4071929602568154,1.412325588171973,1.9712019202028013,-0.32066707755909724
-1.2270123427637594,-0.4122674323248415,-0.8612114443784515,-1.01003021883706,-0.30948473070959065
3.7190080544628366,1.4431352686126049,-1.1037577339363747,-0.47731411875897833,-0.3517600488089381
-0.185930097036355,0.7446172793289593,-0.023964560817192893,0.025903556061168564,-0.33466349184925537
-0.808671807286495,-0.6627598359471067,0.9569495950313566,0.5341917477654823,3.0088654752223
-0.4020177504024119,1.468340194453157,-1.008542990975827,0.7177144364318859,-0.3300506932469837
1.1448189904064316,-1.6375922542152486,-0.9399317833682403,-0.2120726165117623,-0.3169782993253693
1.0866825582791335,1.3941108702674572,-1.3442026747782665,-1.014034074573354,3.0754329728043635
-0.2524066027404724,1.9871647701062505,-0.16513606229205124,-0.29280486324589544,-0.3632229633722314
1.6505635119020037,1.3549613128936606,0.7979340722887833,-0.4586089892884035,-0.33314981905192387
-0.6400748663881898,1.7936404459632325,0.22115998368130063,1.3772338660645487,-0.3304861934172092
-0.22751581762859097,2.0709693016477484,-0.6941240577690684,-1.43214929364642,2.790993278184704
0.6429409776310265,0.49612062029910403,-0.4912454829884597,-1.2696028204408163,-0.3339212141301569
1.9592720710045404,-0.7169330616483272,0.23310339357364296,0.6260736439704664,-0.33676340178758424
-0.13114704746076394,-0.18469324809609422,-0.180081790629548,-0.9324764319743852,-0.3611426656830907
-0.9016931160036197,0.19183084511855963,-1.3802293472921536,-0.5199077630774989,2.980883037400532
0.4720055419729126,1.6113400479718605,-0.09801806229240773,2.3320943286993083,3.1081510054386525
1.575590693752876,1.1419958172662206,0.13592685664434073,-1.4824572500261783,-0.3297248740563668
-0.41720456597122024,-1.753460822725705,-0.9916862859255758,4.096540942943351,-0.33078628546585614
-0.46389959467951974,1.8999537345200839,0.7476310324088926,0.5605018460591866,-0.32622686657158934
-0.11893090663047078,-0.600198964469395,-1.5250024021243709,0.404292268007177,-0.3133028359338915
2.774666209474974,-1.0190100944873661,-0.4030741735710842,-0.1201391978023496,2.799402116384558
-0.31570736832941937,-1.1365624617688572,0.2608146381581836,1.1327102928152426,3.1122417090395174
0.026500931016835705,-0.21829872320724614,-1.2210670071880851,-1.221682707275483,-0.3204365160499013
0.42350556177388876,1.350568960828975,-0.34024594687052934,-1.033811047264587,-0.3311607964917194
-0.9819538088395222,1.001084376995558,-0.10652316645240517,0.10593452686468105,-0.35662669184349294
0.035046906252724275,-0.972864777847122,-0.03334069997987335,-1.463462773252358,-0.3464388365518629
0.8838759737839439,1.2717534498183793,0.5847879914113662,-0.019003777100878444,-0.3065349382546499
0.3919900289940985,0.9868479359403783,-0.7867129905709757,0.4391074026824083,2.8878472695686495
-0.46196208384647963,-0.5228935902962009,-0.5367581195700277,1.2533267893748763,2.833653485856028
-0.37419261084202576,1.143287065448374,0.016677783976417337,0.3975900519938005,-0.3460846193619358
-0.586493199178487,0.07822270989107089,-0.7231751805854885,-1.227499194480322,-0.3300005252532874
-0.8952694199928173,0.5121574140635955,0.7346954258373344,-0.8219664569280278,-0.3473307290805203
-0.1288164265110504,0.8085981724977939,0.4936456830046992,0.3421983634752463,-0.35606196229099785
0.3566719053486153,0.02385338093542355,0.19223497034845818,0.9406415514346874,-0.3377107331583162
-0.18769058262899163,-0.2658698767895848,0.400264593786087,0.8385925679940942,2.938347523627986
-1.017777349864592,-0.9881277505920667,1.8229876249013446,3.908925453412137,-0.3327977485761194
0.5572866288635646,1.5991705396232923,1.2032877811049205,-1.4698720042490416,-0.35306539406517545
1.4988578672443582,1.825835571138209,-1.2219267583733493,0.26875763350373333,-0.35050046981304817
-0.6547957622232559,0.5066524337138811,-0.34103959644886195,-0.49370455761198584,3.1069672401511106
0.5188722895181983,1.3609587410461423,2.8965540595998225,1.6221324628192513,-0.3320655947100132
1.602708598675021,1.0788378325751307,0.03690077579097141,0.42041238338606957,-0.34632892024264633
-0.2873568138596647,1.3660531315461717,-0.07619407220226682,-0.1825403866403898,-0.308878698136699
1.048915524575701,-0.3171315715361349,-0.8289164448910333,-0.8705546396750601,3.1132258959619055
-0.5169839709196082,0.2403263123711737,1.4353025253518323,-0.9398991810213304,-0.3427549516028879
-0.67069507953744,0.05191761239387749,0.5159089693366303,-0.17795373799289926,-0.34435992175844393
-0.11591426473128968,-1.2265828233473695,0.7993881102549011,-0.327632665143034,-0.3200851341806201
1.9242523188247178,-0.27436630293665104,-0.40482283845447464,3.934906302772101,3.1429604267671283
0.4104260989240144,1.796392510496426,-0.7270668224442193,0.9955259210735828,-0.334313081383157
0.2690804213201361,-1.1567451707364425,-0.9481140665025799,0.8995252891965991,-0.3295163399333157
0.17888201864064507,0.4625744711008408,-0.7594732056496097,2.07540119091029,3.166421200252444
-0.24571538343821653,2.0136095095862876,-0.8093628653911438,-0.10418467342294924,-0.3494173138140736
-0.32760351913859237,0.06712816008909694,-1.0851142617670837,2.6149762428158736,3.2559577071396553
0.4061824456423106,0.7232258658377742,-0.39139878342106793,0.2948781911115063,2.7265801187453342
2.3414807311691384,0.9263862503858367,-1.1207255454120233,0.5845218757565009,3.240285974127602
-1.0026051679602725,0.03648544464179741,-0.7766254347316589,-0.4824376908181593,-0.31386814846200634
-0.4635344881077724,1.5949860441635395,-0.1617755541751208,1.0968760407439264,-0.3263654462944751
0.326289121707754,-0.5737908991036382,-0.6923541525364927,0.3385311197286819,-0.33453656829601375
0.024175420014350718,0.5726817659683178,3.737257947210993,-0.12288781074775312,-0.3287166551608761
0.30154612417135407,-0.6268309885901902,-0.4738955084656791,2.0390413251616133,-0.32065720307526335
0.8730446587493604,1.4816261824417747,-0.7263483377501515,-1.01032482919846,-0.3242806064764808
-0.46854964059592397,0.7535136234713873,0.43457886823122954,3.4439145068557337,-0.3203110666494595
0.10451511842784161,-0.1621184754991304,0.457693739916999,0.3940257239845833,3.058210962014081
-0.12966016129762048,-0.8553700316953872,1.4221204479137575,-0.9035031814989725,-0.3736819417714789
0.27157490335609646,1.4761231888290471,1.666933208052534,0.42374308829649077,-0.35252116158782343
0.05873759809363205,2.046586766241016,0.44313594984934496,-1.1761541161260334,2.720883943053615
-0.1298429244254093,-1.4355590386067398,-0.5497362855238275,0.38557980520231705,-0.334175618138809
0.7011218437832032,1.5345815648321044,-0.08565523536438308,0.24885436845591724,-0.32036627684742636
-0.7125582884181099,-1.585421886067397,-0.10464132431505246,2.035522421397103,-0.32533838899644746
0.8995021138242508,0.017798330572889265,-0.036068174670518455,1.2445091083369082,-0.3565200367212866
0.09424766046577326,1.8607095795381736,0.24899908483463773,0.6403550719678975,-0.3400383472230444
-0.7648189497147078,1.2114622982089416,-1.1652782698120026,-0.45980727305682034,2.739604943263738
1.7224392510913207,1.5739915530125779,-0.0078074467907565115,-0.6193634102440801,-0.3317906729011673
-0.18524089383166836,0.9683008570572658,-0.6713723199752099,0.027041882653090155,-0.35644202896754895
0.1281633536469315,0.22119928217411655,-0.9220891774591459,-0.9252762421672478,-0.31183978106442156
-0.16487898819534674,-1.0110975556871784,-0.6562090281175688,-0.16554291501416987,-0.34110147162482907
-0.5217698202407769,-0.391357396656169,-0.746234763522851,4.893242783745221,-0.31594646456888004
-0.8685416406093879,-0.16777220758457817,-0.22076312725048441,2.543837601398646,-0.3213201145469783
-0.24520210839033552,1.7074828500562496,0.3716187353061775,-0.9859916775564616,-0.31820133671412365
0.19728789346223558,1.595596150299659,-0.02515759927676825,0.22013562465470637,2.740750159962232
0.769131685604885,1.517836045184744,-0.12872407308145845,-0.24719717947675288,2.9296905870780408
0.2534054464995851,1.881566978710451,-0.032802903932806604,-1.6115935290640264,-0.31206879421176514
0.9661012257606111,1.9425971812647578,-0.2305797625416457,0.48972736282692736,2.7090754031626747
-0.08471064160933794,1.2563961818746532,-0.7556907128376152,-0.10162682832624784,-0.33115222100057945
-1.1488579758393203,0.6811572946451271,-0.10312478784973611,0.6270795931022652,-0.35169887648186965
-0.5590857450968097,-0.9621166642380935,-0.07846577030454582,1.5572096034764606,-0.366992676271696
-0.8161386880649248,1.3581546270849651,-0.9014456642775407,1.4687343559262191,-0.3263253814287204
-1.031352851643286,0.41025814257987503,-1.0273417965735159,-1.5785409123825085,-0.30966873706941245
0.20074671301721586,1.7286040065024815,-0.9129588598014877,0.1649450728726456,-0.3287082073627905
2.3315621235544386,0.5552158481698724,0.37215684121502923,0.0823538703135081,-0.3157242893511677
0.4918902962044013,0.7410222669635722,0.07170608308276072,0.3743657182444765,2.96784648934216
-0.7420662130722014,-0.9017755828115738,-0.38656465869606754,-0.9729329869667279,-0.30442236831881797
-1.0197658579475555,-0.6316234625171195,1.4288737440563426,2.644424606798804,-0.3304952602926158
0.5828858138966251,1.8152203122425727,0.8372858313584475,-0.14815413506525738,-0.33345056627959296
-0.8900848347384098,0.5938408186729381,0.7822840957196481,-1.247574413008523,-0.3347651629310432
0.1462931218533084,1.1520721932068914,-0.9479074769285505,-1.5136325638454542,-0.309210643919723
1.0710475422673513,0.4116627842207811,-1.0383233554129083,1.7716937506527168,-0.35617927543766453
-0.060291377888746375,-1.3642711006241148,-1.0027060396881058,-0.15452278309719147,2.941635004358459
-0.4522225117326486,-0.6633444450024224,0.15703369582872118,0.38057245505286796,-0.32847036400674834
-0.7549260951085314,0.7845708240844368,-0.6399936647649884,-0.07070431369352154,-0.3472119160418779
-0.5107074961730693,0.9637380420588668,-0.7577220352045132,-0.2294517344518947,3.1369722128691304
3.9600797785919424,0.5267013161262731,1.3090313707339476,1.294289854324377,-0.33959900539725146
0.3104548300617224,-0.24352693917223783,-1.1350456519115597,-0.8678183124451044,-0.35318793995286907
-0.180222616405747,1.4265929243043673,0.10555663592125974,1.4989348308757517,-0.34146687491016564
-0.005803442180492668,-0.17666889902886196,2.9898282127055733,-0.554546865942831,-0.3320514475229848
0.043973415624318,1.2068492481564088,0.19848971832135126,-0.5823375026241162,3.153520015081947
1.085237305379783,-0.9600426545950363,-0.618540350421551,-1.2684271794249322,-0.31606853378040756
-0.07175776228257053,-0.8403132159446676,-0.3380928263688922,-0.21418624179091472,-0.31364799493956236
-1.2315515830368828,1.055831878716846,-0.4351396379445581,0.9629732241441731,-0.3262123831038996
-0.16841620668032564,1.5317511666631605,-0.431219601057639,-0.20888393418208417,-0.3299427197441328
0.8128279810818224,-0.0035426854205161673,-0.9572600691856608,2.3650177307099964,-0.3306874296482135
-0.11608129906013627,-1.2496215537891375,-1.0158155315537103,0.16408713775010797,-0.334521255826296
0.5860713129987647,-0.2225571047671872,0.7862374819538024,2.880390931498546,-0.34655393980642984
-0.5749082212143963,0.20232243908393077,-0.6290935606352628,-0.6287030680417404,-0.34525414786095526
-0.26813877514431594,1.5828189195197198,-1.1196939485347626,-0.6422928740546534,-0.3419248264526034
3.1355461383241,0.6421285219014473,0.6855770669331653,-0.7393519920015387,-0.3469272196974265
0.8981492335378163,1.7214281026540077,0.21465227954919075,-1.578491165879611,3.205247384559728
-0.6840755560850231,1.5617940775251393,-0.5516751565050775,0.38281756932966493,-0.3316773169020844
0.11727863156199658,-1.064654872964985,-0.4044350530424452,-0.7081475146797185,-0.3272572759794304
-0.15753427824599386,0.6739504301848689,-0.09876284012915194,-1.0714672424973393,-0.34476641554883863
0.5458091786104864,1.022831069103254,1.069384705806149,1.9480515072658675,-0.3244933885663756
-0.7507328394378695,0.6129149601933748,0.23897344589993053,0.20408330983959005,-0.33693312390762303
2.428814377730135,0.29448071451247904,0.9604062883754766,2.5828274123639994,-0.32881032837874347
0.6906777469947021,0.7572209232366118,-0.13770616695486654,-0.4631122108295598,3.0446068867533245
-0.5870621188890215,0.02335715532418381,0.27476680369632056,1.2761271457471788,-0.30661179476524864
0.45031999286148866,0.7051679782751965,0.6911600224120872,1.9627140083121017,-0.31176126654976677
0.26535544921360854,0.03471700145761358,-0.9896892354258335,-0.3853020884681824,-0.3296762209970217
2.129926880697531,1.1953685463310404,-0.16661803871364755,1.5837822998534243,-0.3226834966306781
2.65682225987094,1.9658312889311675,-0.2651161466693166,-0.41304994554913976,-0.31689739407583367
-0.4567189873920142,-0.1519791251000034,-0.13553700840225774,0.12044165418004682,-0.3295723243122087
-0.9211492458314122,0.211530495958977,-0.044351454692336915,-0.10078542549620556,2.8778845598855787
-1.271536457847057,1.9418714754145825,-0.162956785411711,3.2971842313216633,-0.36152025738745813
0.37159843068840237,-1.275255800738229,-0.7016105003498355,2.5383491671553573,2.7922146269272536
0.6950973840425163,-1.0114731868757847,-1.0610373832307465,0.5154401326417284,-0.35329694369130477
3.8240835482104663,1.076815379106255,-0.32096487851492916,0.038057510649665116,-0.3275379693806214
1.782944632460926,1.8818576104074551,-0.7447198453770886,-0.9200608234860292,-0.30275175006092964
1.7550323099974596,1.7596247519027872,-0.8268896348328929,-0.46413955050873645,-0.32771491184090434
0.3390301244545959,0.7304109675123187,-1.4323559423030685,2.0735312174709986,-0.34436093260607814
-0.3498114023593222,-0.25354335607057965,-0.7606665115665674,1.0571982412499648,-0.3516038547986067
0.3870892730878968,1.97575822462084,-0.14386277858091795,0.06164569135095771,3.177144793227119
-0.8296237249593847,-1.19949656537612,-0.10326044252843636,2.8087390327678756,-0.3088171594442182
0.04939888706965451,-0.7770105269402157,0.0953725648292133,1.522688536719552,-0.3245685322518164
-0.6112145500212969,1.502459109345419,0.16382945146839462,1.2680050424273084,-0.3514425470491524
-1.222276907156447,1.0661103833645469,2.0636058208994927,0.7124436196201296,-0.36273354865398294
0.048045955007104235,-0.2853097482639005,-0.7597457635638383,-0.8592693057552174,-0.3090783886800511
-0.45130966624861263,0.19196126074988293,-0.5382648184823086,-1.3754260684164632,2.8714786558450567
-0.5638516950104558,-0.9444844166767813,-0.09228262408448379,-1.2827065875096308,2.975842675966909
0.2579805791733376,-1.3291514354006542,-0.4184560323378659,-0.9334338771719222,-0.3299317769173628
-0.2508734251766242,0.5249550982252145,0.9953002396526671,-0.6881028859535918,-0.3241886661402721
2.372712502923517,1.6720362272747802,-0.010716333318529725,-0.6206883327347783,-0.3555461451952566
0.1854789572540199,-0.9321295836852053,0.33802247180996203,0.4070710206447735,-0.34087428696179733
-0.8033915365930643,0.027653336053752975,-0.511430226083315,-1.071144712240317,-0.3136839736275789
-1.0393106492421376,0.48715066193029544,-0.9914878843071274,0.038188375791782914,-0.3283208173892917
0.10645725963673386,-1.0866262124923567,-1.0561573900287657,0.5555794606949802,-0.32742458329678753
1.6919321264509293,1.0068300029057704,-0.8309775329156838,-1.0736127508520084,-0.34224455430115763
-0.053764694975483085,0.8472740390079739,1.0869884108386425,-0.7676660018977448,3.2164736420519753
-1.053789318204672,1.49630865920266,0.8731280397017412,0.038857389553651644,3.1995293400660922
0.010959896456172125,-0.8302249167074903,-1.3894456662475532,2.3263649839918394,-0.33726634762401525
-0.9467722416165023,1.5582135972732494,-0.5385583658872287,-0.6952478956036903,2.998205058786495
0.29089123126199984,1.1592139682963623,-0.340158766383329,0.333012742127701,-0.3571690115992303
-0.7996690485693119,1.7628896796065745,2.2619537042141546,0.12012837971169049,-0.3301049861943195
-0.6819544314526516,-0.6306569169120905,-0.2559858127983957,-0.8037680519357245,3.1195444355013136
0.8470359865288991,0.8067324138586329,1.043630212685531,-1.0192682633493617,2.7279828445604766
1.1083575606841314,-1.1702309813491159,-0.269828216424136,0.5023341181671624,3.044658322720449
-0.363986252670753,-1.9413267441934863,-0.04012988939103357,0.7226405604924718,2.9705843361715045
-0.003542328259834693,1.6690126420162814,-0.666771862663128,-0.21483873793661065,-0.31360526924471765
-0.19127191513567632,0.9732007855397895,0.3251703015622962,1.502265113596337,-0.3184924474617669
-0.6120239988245982,1.375898353064881,2.104324200985666,0.9912385895931071,-0.33163057790145406
-0.9406726117926185,1.6213313936753575,-0.8594960684555308,-0.1156228221111234,-0.358019892595301
-0.6415387074334974,-0.35701971092926765,-1.442683622731479,1.7516715594226164,-0.321357311333136
0.2531089297933086,-0.839709763072604,-0.3511512978214187,2.176529640238692,-0.31792251659009596
0.24296042064487652,1.2031126936122498,-0.399662738188793,1.0871325626510768,-0.3354979980496224
-0.8054861539643834,-0.009076625097432567,1.4359293685098418,0.8358138695003875,-0.3373577367407304
-1.069827030086765,-1.0672985029382036,-1.3143425947197966,-1.141144715437279,-0.313933941806831
-0.5294750885273859,1.0892544582977053,0.6416912608884495,0.35626950322582335,-0.34681872472555797
-0.4219266085567552,1.0937665136609116,-0.7432272086643853,0.11090996454905377,-0.333003488828626
-0.22752905476047935,0.19436306405436954,-0.418245381098969,-0.8859212820008937,-0.3486482706948201
0.32259940891595373,0.022066112715610098,0.6805980133312209,-0.7260454788953812,-0.3203816628576466
0.07334724666712555,-0.04990931010058319,-0.6306164526776059,-1.0826084019817575,-0.31107293012069215
2.9345858873265716,-1.317087388383785,-0.6112965036950638,0.3456253690648446,-0.3341634371573971
4.00910253575694,-0.32893605387115266,0.24268106197578732,0.4430437703421668,-0.320097049079123
-0.1365544302248196,0.3864935956213846,-1.2133331372043261,0.991222911553655,-0.3433764760676096
-0.1609793741912826,1.5633554233215434,-0.7762650015929855,2.4151113485006217,-0.33983757179014307
0.045782984501997026,1.794341043306964,-0.384623339030066,0.972850991828732,-0.3633499771797261
-1.1504037286784623,-1.77180777524757,0.8623576114380799,-1.417973749839672,-0.32001598204048187
0.4136021659417519,-1.0003987072109712,1.5296923751909497,1.1485530112220748,3.1926255886623145
1.1209997025848477,-0.7545697096062862,1.1626583964449866,-0.28447868960692935,-0.33625416288979043
0.18598109063906448,1.6732312983248037,-0.04187191387150574,0.28430552023043365,-0.31500845947096345
-1.00589041996917,-1.1654468044429727,-0.258331344325036,-0.5213254218863155,2.9830540042350258
0.40225525969089965,-0.09185257994025187,-0.344865611974229,-1.2922959279079447,-0.33337079087959554
2.1829984262128166,0.83815150891215,-0.33587785643993534,-1.2146069224084757,-0.35297314820160636
-0.03684228389222324,0.3778029684264541,-0.2863945855927087,-0.5134452950365034,-0.3259118417896375
0.3908142386960158,0.0063595169361275045,-0.024860811173467334,0.09158532571797695,-0.3210459314859074
0.1455603411608605,-0.11983402522968217,-0.20534153520207704,0.1748837995529925,-0.359727470972639
-0.9309638143921372,1.4036171068247465,-1.1538469814081445,-0.25819636450043926,3.0066322288558682
0.18349440458029703,0.48577211402027864,-1.1545555182213785,0.6439721396689302,-0.3192426327905328
0.9331197019012345,-1.4018154693872757,-1.0682192629360234,4.193850636069476,-0.33824841050269655
-0.9605352894802176,0.14186027584822333,0.6702558838155188,-0.24875825037356714,-0.33698114017307157
1.1943659118708632,-0.08667667328967588,-0.6482245335260814,-0.33516268477948546,-0.35041356298995957
0.07900820835531847,-1.5201116096820864,-0.19020569680785437,-1.5058555490894874,-0.3191239945777213
-0.8024630745892714,0.48795545867983436,-0.37165534717716875,-0.7806514914752867,-0.308486775394047
0.7619659087000075,0.9325854303401162,-1.181590719856712,1.1659805674952541,-0.3202377293861798
1.3696807727329927,-0.10571704784719399,-1.0110577726987278,3.2037258145349137,-0.3116651344049162
-0.12053575333838229,1.5385629445863271,0.1327798745971466,0.07630230189525555,-0.3406254180459199
0.815174880679186,-1.1678281502165382,0.9492019107387535,-1.3566353114597345,3.084610330209263
1.175370979811455,0.14192749264612825,0.21675204654957458,-0.5191982205893406,-0.3302485920762752
1.5430528096691183,1.2179951326404654,-0.8954676562894023,-0.4659372763084173,-0.32779862901183504
1.5948567070265427,-1.4064415602488132,-1.3147876145531663,0.009108616406993675,-0.33317712062919697
-0.35732794885659747,0.1640915403945702,-1.0513388400416261,3.462252410196618,-0.35968971260446225
0.37985171533296236,0.5480005859780539,0.7807718614848445,0.4246031562736883,-0.3242775899787788
-0.3493202235641154,-1.0063712872637312,0.3688723177853277,-0.33048692937754054,3.156463151599065
-1.2378270954710882,1.0598010708358243,0.8166319891768511,-0.33995131559563413,-0.33827536175975786
0.11945778663786527,0.2800479370452251,-0.3464703560937201,-0.397716323237521,-0.31585239423229927
1.0018918719675525,-0.8610737650011475,-0.7752256391451562,1.245033055404423,-0.3190861920852431
-0.6023079325930194,1.5432166804755947,1.302159523418895,2.9577690564111374,3.197911480195959
3.9934603027572146,-0.43970709003144304,-1.0038114052444733,-0.34142392153531465,-0.3331120092053954
-1.1675181455255241,-0.43001849217880567,-0.7173182442510481,1.0887594299845393,-0.32574323347393636
1.2879911957534667,-1.6731270348921132,-0.15407555177207732,0.6590346069767874,-0.3298870161562493
0.7468777923813643,1.9827131742231452,2.6726843165396357,1.1769096971360868,-0.35315247671691996
-0.01237250125145628,0.3359916146990479,0.18986954764177,0.15242067779555807,-0.32648258026973576
2.7790002529807882,1.5607783544667473,0.5224475291335059,-0.8012902069941583,2.992396967286837
-1.0205767798647367,-1.6939418099336319,0.01914149552869282,0.8353105668966281,3.1008135000878276
-0.1619325502079299,-1.6406339992918704,0.7470893298849488,-0.5957627982808008,-0.32102911076733864
-0.7563049515733712,0.22180328327124482,-0.22298964174194966,1.1832509299417107,-0.3509478822075764
0.3305290771695288,1.9577955803676927,0.3635134064654909,0.44555157378489657,-0.3256284888964565
1.2120194489964968,0.3728406585663442,2.194072154280289,-0.7924367671109265,-0.30597148696979803
3.8528094887338744,0.813898225283708,1.9128421062389371,1.8233429224441702,-0.3229881468533791
2.0672693766064123,1.136092891194742,0.17342905470101666,-0.9978071782833478,-0.3337758733608925
-0.7480181046230733,-0.36247206831013107,-1.137926092681854,-0.9882150492005359,-0.3100898487060514
0.8461813794691936,1.6689424844686558,-0.6165678056237579,-0.26928019857632207,-0.3136653184077481
-1.2316794860235538,0.9287336932635878,0.12569904826892048,0.4648107694164203,-0.3474102109870578
-0.41260848840946146,2.005637974564381,-0.7391320958366955,-0.8453321243525278,2.804284559180042
-0.4201935503013914,-0.2219246929071529,0.4430260062437122,-0.51490309256484,-0.3242920039172662
-0.22054339667472234,1.4850784735964786,-0.6781243068166346,-1.4136305535383455,-0.346784272002968
-0.3529041258537403,-0.8373350573227689,0.08710083985148454,-1.2170984302490813,-0.3412653644065145
0.03366772601535428,0.43689828129444386,0.2992981276826976,2.626009524160352,-0.3297419113851429
2.271992068812022,-0.8658329970081432,-1.236388523239007,-0.9605811388713643,-0.3338301903760291
-0.36917372581225505,0.09870457727834459,-0.8847036595622744,-0.05595951396826826,-0.3082381657084408
-0.009509304937456706,-1.0984136850977002,-1.2229812396790107,-1.5458091475846643,-0.3697883946884271
-1.1077563106859811,-1.282483035326872,1.1202687661363457,-0.6357914469062766,2.983904361129486
-1.0902469489096887,1.5671573625410318,-1.4000479780843031,0.06564825135256347,-0.3131112722846142
-0.21205638309017705,1.2368216242915049,0.7124791831347864,-0.9804675847755069,-0.3307592840675431
-0.29784125769765,0.6919920073872149,-0.9319807323568606,0.02353004954678073,-0.35123391464924797
0.7782018829203247,-0.9717944046348578,0.8818463039538704,-1.0683822787791712,-0.34637187424732374
0.8011243338252234,0.3672807217667112,-0.21795433321101823,4.460082866890675,-0.32551523384842707
1.4119096893304763,-0.7048464673714697,-0.2230664608522619,1.3817415068696302,-0.3124706917207544
2.529175065316135,-0.32147530751167197,-1.2417373638302365,-1.3558623507317529,-0.33578143985995634
0.4348032677440944,1.5474381183516128,0.1641932688438444,-0.5713990241989098,-0.35526815006195683
0.20252253427764239,-0.19036731513085733,2.23985216058917,0.1013383064931202,-0.3262530403049744
-0.4545398569895687,1.8245622026648975,1.2328451427218794,-0.5960035610866181,-0.33050224530325195
0.46936890822042754,1.538038701234762,-0.7730930877014865,1.0805617424741394,-0.35269426255967645
0.8450068760139428,0.9152720673800515,0.20537510818424187,2.119696335470253,-0.32273545232713485
-0.4073125237350017,1.5177990422717476,2.7796612043440723,-1.4049516637870807,-0.36966970299161384
0.3514150769679031,-1.6810290075833403,0.42392536801789055,0.3466352982768034,-0.35556809369249875
0.5709593107663602,-1.305196382891869,-0.4503283405187871,-0.32987827526836055,-0.3171770378534892
-0.7832579602173244,0.5339502735192648,0.7026974654047083,-0.6801005875956581,-0.3641301483141059
-0.18983017967891358,-0.1366161575735899,-0.24487568037735558,-1.175043122209771,-0.33178980579178796
0.8424853187973175,-0.08132017371634592,1.330314661071914,1.4593073200474684,-0.3558637425576955
3.4193228247584257,-1.5892843561483765,-0.10989312217011371,2.390261478460876,-0.3171617601483726
-0.12654271084083468,1.5203937534434766,0.5563462318534697,-0.9795959232891107,-0.32156257892077666
-0.8766297765913389,1.9367770195145495,0.724558473413611,0.7352235969754293,-0.31704702359349307
-0.05094799215520296,1.4378727974068986,0.78993738789192,3.851190654761312,2.9050304933250035
0.6108950466948584,0.29090491761389276,-0.18710935065641868,-0.9791040196931879,-0.31778017426768296
-0.6438842522210764,0.41674349238022035,-0.8225761752503539,-1.0499978726633699,2.8741891382857103
-0.5079392699343337,0.37112186442993,0.3054708188073321,0.6683387248767689,2.813895954394942
0.12741758603375267,1.6353384632417565,-0.9703685840678689,-0.9319336728113914,-0.36053998923131253
-1.1433810680810665,1.0148231205831677,-0.08794165375397672,0.516648857546478,2.931694342310965
-0.3560810904554965,0.6355118486132132,-0.8243277174793452,0.6121413369343638,-0.3293738197765967
1.088051910937612,1.2889159627173745,-0.6794739479002887,0.2343726130187056,-0.334625534921722
0.5030599480076223,1.5429600266214183,0.4925151221516516,1.1698829878665744,-0.3210409253833381
-0.2323732252896663,2.1009988591718,-0.37596973550237917,-0.519649108524821,-0.3601700016149022
-0.5933995508128376,-0.7530588262757696,0.28490935752103796,-0.8128508818197905,-0.34208769858821836
-1.0258369031348915,1.2642879075152638,-0.7481834033816098,-1.1883248677960099,-0.3415841985864952
-0.4557362024953833,0.5301934649969308,0.6209080348333463,0.7729096574208935,-0.344830426539303
-0.011818246221002443,1.5144741631951901,0.8679957256830846,-0.7400229525976003,-0.3507142326658261
-0.00489308641525632,1.3208122299970766,0.6777507819792485,1.3630161094778654,-0.31271248219613
-0.9046460544887104,0.3291642242021615,-0.6324444873058119,-0.1894254688181206,-0.3056226429164026
-0.5629283632643431,0.33191444030470385,0.7448370778907387,0.4620142640983506,-0.3432983472227491
0.9505314089204523,-0.13173009455776508,-0.939733817507793,0.40928746447734254,3.007134331324793
0.6480017498959638,1.2807132157742085,-0.7245229315463889,-0.4875527037691384,-0.3303252921461686
-0.2557616332403921,1.7549022363671374,-0.225311597561345,-0.8483991965690834,-0.33402728828239353
1.3455792420454713,0.4505035886129997,-0.5813531068349627,1.137985642540615,-0.3086033945857902
-0.9885040382855641,1.4199992488711695,-0.15100626726259042,-1.0836031824559618,-0.32791622829791145
-0.7588167720305006,-0.42563549028281805,-0.49549307950621857,0.44049186363797305,-0.31707376826859734
-0.9169928870251716,-0.8855175367471338,-0.22153118127615262,-0.9831662791402602,-0.33721238895169076
0.9243492398211601,0.9311125255064929,-1.3179731695558492,-0.1073327036530567,-0.3388657365568451
5.216166392685318,-1.1258993337074061,1.5724245962470031,0.015194062145013953,2.8911836754984255
-0.8015015427359788,0.24157532318341657,-1.04275102898877,1.500768404825243,2.842300672423187
1.4252867820643442,1.3563610656119238,-0.5191936065155415,2.4487476213096016,-0.33820211675638123
-0.029655271284713236,1.2280746672134972,1.0582456609803919,0.2418486640425903,-0.3462664646338095
0.5654936168042881,1.5187807849562038,0.14818866479474324,0.3105997772376648,-0.33848096763371
0.5474131487221577,0.9611863648580262,-0.6046958466205038,0.7689174042874023,2.9524233833749483
-0.7045390935665579,1.6245756302988272,-0.17459183427339625,-1.4177033411212252,3.099712202665456
1.6642425461305916,1.7211031175251597,-0.9421204855391002,0.008021046038739932,-0.3214541775459113
-0.3208839456901252,1.8352760204315284,3.1336962070939345,0.33852123651663496,-0.35911116813430005
0.06723907630429588,1.3288186884292879,0.10760852717334032,-1.48519576302941,-0.34898562170477687
4.178410905991269,-1.5273868194040057,0.47304196553724687,0.8879154077864391,-0.33149250159673527
0.4328358533738181,-0.7581958529670542,-1.503231178155664,0.2638861021273409,-0.314454662048438
-0.3809904340262856,1.4919941344717547,0.8654825894405522,-0.4383290822828022,-0.3186583575095768
1.2415391659288082,1.7169869234255106,-0.8201602275546173,-0.992215235097691,3.030604983240881
-0.7359301893422298,0.4367810110929767,-0.286576098175075,0.7785459624870386,3.124986315405015
0.6719902595541017,1.8528504625868167,1.5128852989283805,-0.5213324621115967,-0.3461547185031811
-0.030754431931526674,0.022436314922214318,-0.7884692898852165,-1.2729888891093053,2.7959488100133845
1.3971865628345383,1.863900414458874,-1.4279252596814018,1.4260620500960235,-0.3231603666763024
-0.6130964730618782,1.188034719126803,-0.14217809490503758,-1.062300098181212,-0.3548659142666561
-0.9067972959324457,-0.4386107863556251,0.49915215732095986,-0.20415282349964725,-0.3347019140876045
-1.3052386670774057,1.0656984436192585,-0.5815766132317506,-0.7857956456529397,-0.3353242332075969
0.41041483798117046,-0.3667733674832084,-0.8589669051833357,-0.4967775503951594,-0.31400588046346345
-0.29511507228629535,-1.2955954746585894,-0.1979837036542157,3.6263571924672915,-0.33730590372320274
0.004193504564304784,0.30556268097841655,-0.8663145152968893,-0.44328834964840763,-0.32237076363820366
1.7912339325990405,-1.3931576436014739,-1.2624959624829502,-0.4377161717266534,-0.3119064408500755
-0.8522857543195095,-1.1418780378099518,-0.4893160022903291,-0.9320960801966807,-0.3183867577257932
0.054350333624173186,0.07358901638137455,-0.29742205217332024,2.1511290555413556,-0.32031727480496947
1.0649375159518393,-0.9023137558887503,-0.15117202949071645,-0.0999361382672781,2.663655309542318
0.49012767830071174,-0.022180217303489957,-0.8719068405938587,-1.5536327540156503,-0.3781447752439798
1.1068924049097817,2.007039377046078,-0.758138897126757,-0.9462153036976912,-0.36617061646709986
-0.9667142624919954,-0.4167081701490215,-0.8242688136231174,1.7179549256593745,-0.36032059785589426
0.49827016778047495,0.40685172201921427,-0.6481967553829049,-0.9661368334251106,-0.3276029938929201
-1.3226711539994316,-0.4429122272400992,-0.21806567020814738,-0.24082735810280415,2.9808697810006164
0.0750085646620369,1.51347482514509,-0.8201909861358156,-0.38766559563746644,2.7945517841663428
-0.3036128589951257,1.736728251963972,0.5746854872773466,-0.9285480797508897,-0.3743405678375489
0.929261782401503,0.6988443121971034,-0.3907217934865637,0.15617696720988083,-0.3405267196718076
0.7531012346906911,0.6980832769615738,1.696474663952888,1.108421149039381,-0.3308520025959782
3.4729632225539033,1.793781947228371,-0.14513742402108926,4.701062737434819,-0.34899623627348575
-0.9939576673887116,-1.8337405980151802,0.31862170506946497,2.329198703141026,3.144481591560875
-1.2512868274910203,1.5148078184620064,-1.322660090481536,1.6852285946808687,-0.3472964291216105
-0.055133414412749104,0.13786309866931848,-0.6157610744982511,0.1350134270869795,-0.3051929123328722
-0.14191059737510803,-0.48983278338384517,1.957424965854,-1.4031279383052984,-0.31486141055639133
0.637849525361399,0.6892157307656186,-0.09530760285500561,-0.5824002631583136,-0.3479383775388166
-0.3633439709133618,-0.37100854973110414,0.4379881936937246,-0.4635025156954855,-0.35720447684082945
2.415887114373902,0.2856491069897744,-0.6779061979105184,-1.229735397457384,-0.33737591361302
0.5222511490582766,-0.432419594894618,0.026717377790083097,-0.3605688071423502,-0.3411667794351998
-0.2621260992008878,0.9650053559820477,-1.4844367030730237,-1.3925645156185462,-0.3421104087937503
-0.2294402290343392,0.8782357282136987,0.48791429735192887,-0.15570186841637412,-0.33935355845466475
1.3121866201631485,0.2759659244101772,-0.9822708014024988,3.0927770540926094,-0.342976112964491
-0.2984093953983024,-1.1131720713742614,-0.31087713234296255,-0.5980831295452073,2.9806454157223867
0.3501198490391907,0.9175932587997396,0.9649934367957484,-1.1117107948664555,-0.3607431281556812
0.9899421657370018,0.339823841969078,-0.526526457352693,0.5905590267563209,-0.3337090083303816
0.33211423897683606,1.2208276632171542,-1.021695325902405,-0.11422853152421164,-0.33355417481934624
-0.5751508710790436,0.550079350125596,-0.5205671900129125,-0.06250483914665814,-0.35420377697586736
-0.586138220031735,-0.7173177316040316,-0.3727982816457617,1.9948756421857223,-0.31692687713183054
-1.2104078593229295,2.0207927794996174,-0.7880024397450123,-0.4473488090617676,-0.34603588774796307
0.9709213469685256,-0.5323811374278963,2.0130949638201603,3.2312499565516264,-0.3496021465017233
0.5685434388131867,-0.06660326478898371,1.404661081694798,-0.3198981008812149,-0.317714490565062
0.12154214893538967,0.5884508902810441,-0.5326460741777792,2.427762476134938,3.2033610357539155
-1.0529300115329312,-1.3521682405432944,-1.315865696917956,0.5164641129442469,-0.3202900153463477
1.2414671402315989,0.008862959874482157,3.0936751853345594,1.4185847229803634,2.713844550576267
1.158563714360045,0.469043024194559,0.41894285990974844,0.04488790438746082,-0.35418836288654615
-0.15709949120938277,1.2009111626664548,0.8948806536301168,0.8643635977323102,-0.32079006000995564
1.1124506968123857,-0.47243096470324264,0.28001320734880464,0.8015818842934141,-0.3213529777918895
0.5624940356342492,1.8495704168776113,-0.7210236945154348,0.33754984305869706,-0.34240682652281135
-0.5163854562052491,1.886899205276164,1.6391698725425887,-1.3976718491069322,-0.3533100867161992
-0.7985601905120335,0.6361584964325074,-0.18578363269542914,-1.0464185638128853,2.907596211336771
0.4499518061574993,-1.236105007785711,-0.45986869016846166,-0.9397234398915644,-0.33003611484519074
-0.13562168896343163,1.2050487132882004,0.8976237542491596,-0.7689577446497348,2.826910508751698
-1.1214285735738714,0.9388542640022037,0.9067023477172784,-0.8330501083322467,-0.364816607454717
0.1705428729830157,-0.5969227769589498,-0.5986137924004482,-0.33619399956600493,-0.31050426414566396
-0.7702290792892479,1.9864597025558863,3.457674778708871,-0.8987250964644659,-0.3683966821289694
-1.1886285630103055,1.077497045807459,0.7105035956696906,1.0738774966406366,-0.34482625177868687
2.2008734187381314,0.47314153843771434,0.19524223210910752,-0.7586107062188321,-0.3477217372467414
-0.8452663216917391,0.5348717780532584,0.43928602948750256,-0.20476080935095897,-0.30444940448173213
-0.29545563495396915,0.787593521295681,0.9532160634411644,-0.618029485152813,-0.32963956306218223
0.33269756202056605,0.7464331031111889,-0.4229896923153671,1.629215924825531,-0.3350846863860972
0.967358454201805,0.24855738427128604,-1.061079194874153,-0.3229362260130894,-0.3154118545320034
-0.29172437905199594,1.9581973408417999,-0.3394907685435357,2.935347361224319,-0.3309079615699703
0.93693936861199,1.8285329325238762,-0.6841476463780467,2.9358327014269157,-0.33718715519963754
1.034661375754749,0.5130649272915586,0.2718721070531069,-1.3922998068822066,-0.3597591107710088
-0.7007683835521245,-1.288703960813819,0.7085516413764031,-1.0871865717681262,-0.3083057400705257
-0.8250822098108446,0.6330893916063475,0.34190121590411354,0.6278835418954463,-0.33649453069071794
-0.13990829585713305,0.5987665724097989,-1.2556086680320822,-0.9361739076904675,-0.34523477963252536
0.4852916799975772,1.97711360475445,-0.4443401077800381,-1.1023597219397043,-0.3265606441816753
0.24791956077356786,1.857719874395194,0.2440002851962681,0.31236827783357934,2.9244022656775166
-0.37154383427688253,1.3046387795179095,1.3156864443982736,-0.8058776559160907,-0.36531596083760154
0.24064060048753602,-0.039296324082530976,-0.6499968997712823,2.0904382481979678,-0.3085242970955157
-0.1400371728912697,0.23787842582872076,-0.945767408835,-0.07470729058191472,-0.3208155665304181
-0.7751340659801016,0.6371237672504504,1.0392226048080586,-0.35354906483943555,-0.3340613341922947
2.01783066182135,0.935135363293237,-0.43986601454778534,-0.9740318763064423,-0.32358033108110257
-0.16004160281977708,1.2932314150397406,0.7456199476405546,-0.24043842177321872,2.8738252657204884
-0.9065448770644648,0.6108080860744883,-1.1858402312891747,-0.9909626939338294,-0.3214601944961148
0.0911724752281309,0.6602258385081272,2.1038418095471028,-0.8957517653602849,-0.3130220021371958
1.8707645210017376,1.2530656738553676,-1.0352620881872978,0.66986971570002,-0.35293588589754643
-0.4513761841152276,-0.541029908431131,-1.008150568670355,2.35790004382158,-0.3680072383698012
0.563002331790862,-0.5578681255453157,0.3042046624358282,-1.128365689205735,-0.3127309421993542
-0.06975989477974234,1.0881382232840628,0.03396176135323792,-0.4659062294265234,-0.3401277664571179
-0.43194036645905093,1.385510607575753,0.13468198439892232,0.7506390069469739,-0.3163316108885029
-0.8246350638790687,0.9308980656624615,1.9811608015901991,0.08848711664432618,-0.31817922107937585
0.7208324872716819,1.2374268768730234,-0.5779089663537326,1.2492066068672691,-0.3758609468601572
-0.20609479375449813,1.7713087242248986,0.06731992147207988,-1.5847778500947391,-0.32068963443686
1.7615264873030043,2.0609028727251406,1.3338070704319542,0.08935261503334896,-0.33105956464729647
1.411251808022118,-1.4345740469807222,0.8557229886913141,2.7961969705311533,3.0414488205625423
-0.4876647735183985,-0.08153168978138964,-0.8806827922153504,-1.334948141732239,-0.3344884848412879
-1.1182708617273571,1.1939955522478267,-0.776774864735863,1.7435906112417783,-0.3474290938481713
-0.25690897488395564,1.0980711699536327,-0.5681795186289383,-0.3399287234883104,-0.3132990813569646
0.09322868142052299,0.94022912650001,1.6169406683926302,0.11839815030780254,-0.31219369272698827
0.6147377834828492,0.5251120234123167,-1.1881154343611413,0.3258583797035525,-0.3314744901905763
0.21201344582649284,-1.289715023708275,-0.07071744119674217,-0.11729512428421168,-0.3363422844682701
-0.7286647101946406,1.9079917965272275,-0.21734519888978354,-0.5711149860973483,-0.31771332728802265
-0.5646331226172269,1.0336434296260053,-1.202572278039838,-0.9358507177552431,-0.31661960886724094
0.12176694000879731,0.0507671831195598,-0.8205297541391899,3.6366374795326166,2.893983989209257
0.4371421199238021,-0.10400813828110517,-0.9523035646296512,-0.3206543461600098,-0.3186174823611947
0.16297922740655008,1.5694495599292237,0.8125578837749939,3.214492940046232,2.7390350259352876
1.5925905735399177,-0.5574711934152566,2.1895274146191723,1.1144109474123274,3.2177598364475593
1.138873116943059,1.819677066967711,-1.1513577180539958,1.4554007152844108,3.0702809169759058
0.8271512787425283,2.0489626429329246,-0.8660277992537179,4.9384748464221975,-0.36176479159212654
-1.097873513895484,0.4524597353418257,-0.26703741401530035,-1.1730879959547984,2.8859050366632357
1.7784841379791878,1.1235751555943605,-0.6382475690395308,-1.0987544223787122,-0.35230683915867655
0.5980071157044122,1.1308108638932368,-0.2855121409259871,0.030432019133559862,-0.3306565212435684
0.5658495390796607,0.15439800666588155,-0.6623346976467733,2.0846849550139765,-0.33481032883347034
-0.30285003232735885,1.4471277301301073,-0.5445728645950576,-0.5929864310323436,-0.3103979352758687
-0.37186404049726424,0.8467722867484584,2.6444851444817825,-0.08836060849314592,-0.32008059606306666
0.2788635305100998,1.3844815659136323,1.4811257243575615,0.5521914833077155,-0.33305519515592436
0.16698080698517875,-0.06479944321546593,0.24985930815423618,1.544639497905698,-0.30828235686493505
-0.4427603715904085,0.859133765287047,-1.1934690465618334,-1.2066073658014804,-0.3164146127109095
0.6552551413196313,0.8067987089633675,2.5814806826084613,-0.8667927878861549,-0.3443029816872936
-0.7012646204616417,0.08831597348673786,-0.5863871587036402,0.6577675954095188,2.702080588523502
0.13087425192229535,0.18830822230118904,-0.422607865816102,0.4948457077872649,-0.33281902986043893
0.7779527891862621,-0.4218490212462329,1.3371452660795016,-1.1816226153140934,-0.32809812738806193
0.8380640047138258,-1.4522185701577772,0.6957268677990117,-0.504931896992531,-0.31681145063332766
1.2766632295580143,1.4813001532384913,-0.11942649343169076,0.5268656558230993,-0.3248246805074775
0.3848642023263233,1.29729350040473,0.1457026133035949,1.6210900207272911,-0.31046104639800265
0.6307936513502661,0.8240857119615789,-0.7994509461783245,-0.7037531984932434,-0.3443051494607419
1.4974275660795562,0.12042920715329886,0.22229375963292963,-0.27981151915909086,-0.33736406189249424
-0.24465934695171623,1.4146483431467678,-0.36065916338875226,0.3548195927517943,3.139090034881521
-0.4293915437401393,0.11781330413243651,-0.4760806444052833,-0.5748150302011037,-0.3113414946873731
-0.6098326199264061,0.6780994720524811,-0.8721690049101807,0.10780468407400623,-0.3608068516696359
-0.917903448143836,0.03978477886181109,-1.3060803963614358,-0.41907851164713994,-0.3449962093954711
4.464935574828284,1.5861242567941436,0.41506905935570537,0.9059691176035001,2.885629218386104
1.0212674806268072,1.1468548790987052,-0.16162146702862779,0.8271502497840517,-0.34403724508720834
3.4487337405382883,-0.28311820969098916,-0.14792473014072055,-0.8176206541216322,3.03487135259172
2.381889662151643,-0.5157925434811221,-0.8770785632642843,-0.5993208071209833,3.179370460452699
-0.5775103921478413,0.6330643129047423,-0.1712352933974728,1.1567292826754632,2.6801788812134473
2.3776366859397458,-0.11562016608688641,-1.2265868064197152,-1.4678070088563384,3.160213185592504
-0.10807463506975812,-0.9709953813571064,-1.3549858774339174,-0.9578304181861628,-0.33175756362984776
0.39323499801290934,-0.5912033048745132,-1.0588807636558444,3.997332718698128,-0.3060770938055689
-1.0246568260331257,-0.8847387928079129,-0.18767068614752047,-0.8578869672376527,-0.33931247171020046
-0.1848412105672108,0.06199822060812277,-0.4792892575769673,0.20522782860849298,-0.3048542115204198
-0.09154643450267053,1.9347196814842542,0.9553523148425445,-0.9495523470612248,-0.34397753554758936
-0.18403172034271553,1.7298635337761412,-0.11367062502846342,-1.1353340897756832,-0.3447806429618697
1.4312428833149213,1.8177144296205978,-0.8901948747548926,-0.047584795535708546,-0.34406349787663354
-0.749431333373385,-1.2267281171575262,1.3616845317719726,-0.8000738599576511,2.884456642976178
0.3183452986875473,-0.3024980199087587,1.1985483310571117,-1.1922971072856885,3.16376703622171
1.9502879660465355,0.7066395521593136,-0.09637488387531469,-0.43092363524792826,-0.3504336776544897
-1.1766949433470075,-0.6124984126147062,-0.2516665366587385,-0.8185015868475787,2.979238908852707
-0.3177557624185039,-1.1580860255735348,0.0594728093617054,-0.9488560892576923,-0.3300707631186623
-0.027094461842887885,0.18476098756314277,1.2525554329835507,0.3327492908089141,-0.34918882614704777
0.9055846914827325,0.1392128361492803,0.6531846742300396,-1.0112105862054905,-0.3214987979115201
0.32708011231915185,0.7769491724521064,-1.2796175068969575,-0.27359788284771,-0.34442376460857765
0.3758885365854163,-1.7849891435700234,-1.0321025768118615,0.4751157259704529,-0.3213006423590199
-0.8445277397711816,-1.431646049109223,-0.5972755276144719,0.11988967828817004,2.936123979697296
-0.9093331223015687,-1.5483684180937227,0.7664058701421284,-0.7152093538299749,-0.30123817152915133
-0.22950717986105207,1.5151262627410864,1.1504693098033223,1.7710748624462775,-0.3106502460544
-0.2975953117871626,1.1714442361665975,-0.527789062153807,-1.0247930181340372,-0.3070594906249865
-0.5339251461240196,0.32009937362654134,1.103940686956682,0.7252878133401366,-0.3411917055706739
1.0879913820039973,0.88224601356179,1.032519031016421,0.1799317925720365,-0.3153650827724219
0.1474511047272476,-0.665724171277229,-1.0822044147619372,-0.9472605122304725,-0.33852635014634447
-0.5879109102599728,-1.6911176426723447,0.4669864236218976,-1.5052845265169048,2.958834476430255
1.341477762484141,0.27811264552706955,-0.7324870617558853,0.05826566826154189,-0.3162450069185746
1.090428609141611,-1.447188481036895,0.18759466592715104,0.8562212247223056,-0.3396968189454088
0.5252625549198333,-0.8040386020431598,-0.4955631591274478,-1.0793329406858205,-0.3141774705122654
-0.09506846465849494,0.6383793112067221,1.8053640731200309,-0.5845815044806962,-0.3311508444560829
-0.31643961332077275,-0.3491239741552541,-0.7436364476346253,1.944500989823152,-0.3182969500641566
2.750189638463999,1.576672109036216,0.17158727976162536,-0.44932542012941723,-0.3243596103697522
-0.6939822090439264,1.878083640537743,0.867730836983425,1.4588488376322435,-0.32574833451060886
-0.04868550157282858,1.8727183947695014,1.4456066915160801,-0.4145140275542594,-0.33030460186006905
-0.13320278843066335,1.1025182199842152,1.4122767856688405,2.5249691001006087,-0.3465685693522995
1.257009774482642,-0.009251945215381863,-1.4040718479353966,0.23748770828223997,2.749679341664385
-0.14367238411449523,-0.7389665517864858,0.7143714669671173,-1.2133706492181042,3.0642779535588582
-0.11168383192882136,1.3886894380704793,0.078845633733864,-1.110793644406502,-0.34719703378409966
-0.6446609963571087,-1.0639984891521193,0.6881108021928455,-0.9602799057683434,-0.3289151383028874
-0.9740050208020813,-0.09907637696255656,-0.062081646036904026,0.21345961364870758,-0.31699913936667395
-0.899891232720734,-0.19632855135675198,1.2547276138759265,0.21791558095187397,-0.31984162419458634
0.903989822522667,0.6409828654863731,-1.0192431604785193,0.36628212433187446,-0.3066387587247604
-0.9456114807299711,-0.15450635037864047,1.2364665807036046,-0.4496129665189457,3.005770017844481
0.1243506458741876,-0.9317521720346478,0.523323607173122,-0.6669204266291426,-0.33456791526947366
-0.36383430192306954,0.5542221018949598,0.3747328203404081,-0.32134535592300184,2.872457403953261
-0.9907165026972964,-0.7090477349802977,-0.058030583820044335,0.9252432810878709,-0.36483175679822927
-1.292978758307886,-0.2617740680196382,2.125069234969928,0.4701277094675191,-0.35430071405494507
-0.6098791749192578,-1.00722550060777,0.5494583479748776,-0.5255205866709629,2.933374524292479
0.020183398891830018,0.24717133570728272,-0.11249929542029335,-1.0731652484793883,-0.3414145703977346
0.8633549366475377,-1.9469026327995906,-0.2898468180716028,1.5026353065252425,-0.3467707883518371
2.1178664362651,0.03933864671834042,-0.7707503452211659,-1.1418547571125122,-0.3413452771099728
1.7837841152530547,0.44383629426498217,0.5774441534857105,0.24750984841754337,-0.31343495478935884
-0.6990915500144569,0.9880834593259504,0.5689361066121342,0.0774888927327102,-0.3208744136405079
0.8516891452206059,1.1813092441807063,0.2692825195257098,-0.16291584032928652,-0.3190783138917767
0.9114609215481091,0.5481568249710786,1.434794959009738,-0.730470738399656,-0.3066705442670351
-1.2393773569172195,1.3020266838039003,-1.206571381182451,2.1231230389179876,-0.33344980078981706
-0.8287622325603864,0.14202184555876762,-0.8856329453496294,1.4939527071281504,3.0508222364319755
-0.9722947568878294,0.909817025215991,-0.8205073892145542,3.257214428166302,-0.3253465292615227
-0.8483675099489583,0.6202784852905731,-0.7256034831941499,0.6362651891781749,-0.34503728343748497
2.6963367350168013,0.6819649891234063,-1.29224359385287,-0.48452181934600924,3.097964742325398
-0.7617826362870697,0.6110802105104277,1.4691651584809824,1.0770564428336162,3.0263152008736602
-0.7606331589044777,1.2678329163968294,0.5323564407941317,-0.6668460330675097,-0.335861015363497
-0.5626293782518761,1.2238566557562531,0.528722020470893,-0.9354720259634397,-0.3123535617567939
-0.26104626692995536,1.0448984281971683,2.0043471629077714,-0.2862064274127516,-0.30383815454446406
-1.1350419841733852,0.6609561381574158,3.5159158899670286,-0.10785573514576385,2.899097472320316
0.25932417362651294,-1.5396808690222477,-0.1090003665993578,-0.431721216204249,3.1010659791529447
0.4545249651657245,0.12484765359626182,-0.5827793835318291,0.13727814092867868,3.2446812853863145
-0.38090852030148625,1.2133920795379542,2.9786245121188375,-0.43512347205289303,-0.3449708432705134
-0.4525235770603196,0.21104677084086249,-0.8148069720073194,-0.20958931872270326,-0.34917014284811604
0.5304679170590907,1.0247228540590239,-0.8321259953510078,-0.4452080583215434,-0.31701616867284976
-0.38873389143839276,1.6813118410281427,1.3667403721162583,3.154476609935487,2.7099054411469434
-1.23752640078311,1.4288912397333904,2.714188977112289,-0.40608565264651475,-0.3224039437758256
-0.8830786111892148,-1.1345899676698916,-0.09258975230400801,-0.4544498230265148,-0.3261438874798836
0.7258223501876674,-0.5669579842615939,0.36252268881406635,4.18261332269954,-0.3258315810223236
-0.5816099485460499,1.8452398881399383,-0.7373863249694287,-0.49180007521062363,-0.3649981829666566
0.8882349274612726,-0.40963255934836235,-0.16289346263611926,0.5875345004542118,-0.3224800073860975
-0.008697979336276807,1.058144972464659,2.1993200803659922,-0.3105843283472096,-0.3435073262658403
-1.2180649576865963,-1.1370873367053507,0.43065549654020263,-1.1032379905258265,-0.37338781185193354
0.20787899861650777,1.3699802881929288,0.619778327824361,-0.3605069139413693,-0.3033708086624618
0.09124256588699356,1.7842020538002281,-0.042414613904826266,0.07954982023530222,-0.3443698980290188
0.7937557062539083,1.2504045665675703,-0.6581742605544942,2.0239314354893634,-0.33681607416966525
-0.5235047846431327,1.7307505076188585,0.08388225047508069,-0.2658629816024165,2.774501101756201
-0.2979587504802919,0.5208983841222293,-1.2125353116531463,0.21635155549068197,-0.3508972709652151
0.46171533490043626,-1.8600344395823472,-0.5575155015516274,-1.2799874129593578,3.1529114129102314
-0.19136669299999765,-0.824767279324688,-0.31299692015180414,0.6579129433160363,-0.339772387494389
0.271066154676409,1.2748680343321415,-0.2777848983463784,-0.6498450901321229,3.151708129206025
3.8993656570905237,-0.782243366263464,-0.33566459830702494,-1.0213743716879153,-0.3353168744774981
-0.5890408901331748,1.3908203575641953,0.5900232283098098,0.9732333283168098,-0.31662855406654344
-0.8590787791873948,1.2911640558150412,-0.4795583923173809,0.23371105172112855,-0.3477602370368932
-1.322284585185686,0.9319005729572182,0.21451097138090858,-0.9442376757154116,-0.33835965120950795
-0.5896877794035609,-1.0978927602179887,2.1050055387824838,-0.14852826868507124,-0.32515239436885846
-1.009392767652975,1.3232070006974752,-1.2521111669709302,3.981782392467675,-0.32283858820202216
0.7976168207675531,1.7483630023894887,-0.39467395275368766,-0.012773646647939896,-0.31774431859287056
-0.05554528011296084,0.40828370918749385,-0.5243799666865017,-0.24201729705318803,-0.3114069644539868
-1.115314304929165,1.1912659999801027,-0.9245966089584811,0.13196540041767651,2.769808018259555
0.567893830072157,-0.287181914460774,-0.5431108072408766,0.5186320285490846,-0.3295270367336774
-0.09420423879176165,1.9127646360974189,2.501419559114444,-0.744661046902841,-0.3402883219206592
3.7032901043318125,0.34119726098734326,-1.0552167878709071,2.7048462605310872,-0.33007724136838135
-0.7002046471978249,0.3172905097331814,1.4406058276049287,-0.6700850436100105,-0.3290637355793119
1.847201665493675,1.3916627219031406,-0.2560436732562833,-1.2303396522945662,-0.35070105019648035
0.9949414380331083,0.9019207480759468,-0.7647955603116879,-1.58138302571381,3.1699172109663007
0.148212439999646,-0.31636293360074175,3.7870019099939545,-0.9333751813172608,2.824816781026777
0.49465324478601963,1.1543635058857915,0.5069495006469087,-0.16795480690958703,-0.31434179208522156
0.8030864027260352,-1.5358464628670303,0.38646132109900533,-0.8734511281679653,3.1874057577151444
-0.5351361653973998,1.0011456951761801,-1.3079265426300366,0.5703176027780696,-0.33152672066109234
1.1100780680701519,0.758611122551772,0.38224655453057627,-0.9582240094805756,3.004607054034151
-0.5561940997737878,-0.32557518334360996,-0.04444703036790221,1.4916159237140447,2.9156452095994823
-0.45162427228719004,0.30280359202985657,0.15613041520196164,-1.05103328205684,-0.3389550906072914
1.935071710800313,0.3628765101210273,2.5104254996039534,-0.9013630758684185,3.0757352187224405
-0.16828309408205533,0.741672324918195,0.03511915710463252,1.9597916007131568,3.1240159355766717
-0.412893113219327,-0.2854168733555005,-0.9505695844609869,1.0228838391196504,-0.33484965428290003
-0.07453687887159122,1.1987400891918492,-0.3588475003323706,-0.9296678383252548,-0.32682380285287344
0.1490531391039913,1.1208920382752467,-0.7521385756689646,-1.2263274005613312,-0.34146086723609376
0.7918731217161195,1.1243102879239406,0.3593360346865497,-0.937691487724518,-0.34962064394374875
1.1829658227636746,0.818230024290125,2.359762579398149,3.33665314474216,-0.32254268261361674
1.6487364343866902,-1.2572105361828818,-0.5905989696684844,2.8065891849391584,3.1525803151615888
-0.31526553267079455,0.9829567221373745,0.04376049143025834,0.7553764972235636,-0.3097844443589248
0.3615086599640413,1.2730085356566658,0.5653504566701363,0.2595426427944114,-0.3637579411116205
0.62327111355047,1.8307454016689146,1.8254639858356652,1.295448964778924,3.0381659909265584
-0.37368289955234313,2.006252673652865,0.5975992565735077,0.42627501093099723,-0.31125022691248705
0.5335624610404534,-1.498652962747145,0.9841884554972186,-0.7703837875944515,-0.36233323159724706
-0.960315246613791,-0.5689822746279383,-0.2414965469217466,0.0595418042362339,-0.33361542068691713
-1.317480685245922,0.5999525142514444,-0.1855273244049268,-1.097444506627281,-0.3217113513573071
-0.9922620583894503,1.3104304329432712,-0.3266550658906686,0.9656671941789656,3.054458838789306
-0.08835448547409025,1.462856152487375,2.474907219948955,0.6173654204755583,-0.32243964969543293
0.7369009029017757,-1.3670820532870045,-0.9363284838038074,1.8803990806286435,-0.3225049683697415
0.29411690318521916,0.5760775034560491,-0.15816973860164207,-0.34745209075226235,3.0640186844919
1.3570345668078256,0.8758778318475298,-0.20835337190425174,0.2700396269725536,-0.32995317051808615
-0.2164106052535647,0.3049247214484544,0.45650924292385,0.8513794680417403,3.186273280785991
-1.0871998126168634,1.7366459508227237,0.8822509655182188,-1.2279145897288708,-0.3525782985469554
-0.4631220124699982,0.7167198232711856,-0.11108635723802873,1.2366585732271531,3.111958663611597
2.167541933205911,-1.3692190759836604,-0.6955440551992198,0.5770679699637777,-0.32465609759667724
-0.9786317407373017,2.0773159110254147,2.5656205933600873,0.20541429526774357,-0.30707216633341505
-0.8985059557717244,1.2600790766736523,0.620890159866827,-0.4942376839206861,-0.30589701851988005
1.9884793251050852,1.8561851161120162,0.7160176096753659,2.215312165050127,-0.3592947613302079
3.0990961932423478,1.1504092845869487,0.26712384624206015,-0.8675464770619932,2.8919494355555657
0.12982865017930573,-0.279019624690499,-0.6278141739188459,0.5416749515312385,-0.3187664032158301
0.3521527083910434,1.9666232894185816,0.45082381321817655,2.2977513654279997,3.028389466954508
-0.979017975596766,0.028000571562700194,0.34008811133589034,0.682494774790726,-0.3479786884309796
-0.7408164060999723,-1.269369180246045,-0.3468888218909325,0.31814219685138456,2.677737341889198
0.39695696627381716,-1.5138459125309847,-1.1180737553264088,1.2217629574215676,-0.3109490638467039
4.144792468052765,-0.300765224103956,-1.219083240647428,0.060813664545838364,-0.34935357024361824
-0.935556685787255,-0.46851588071577344,1.566333010906988,2.746695291328211,-0.3443304281727842
0.957489313890934,0.10670923424463158,-0.5205620267875364,-0.4271731441323049,-0.30996483252602425
0.17259935335733353,-0.9486942321146955,2.4321906306939636,0.03179742717251033,-0.31936854750179033
-1.160592640309906,1.3436329111631902,-0.34394368514846463,0.32433109783702674,2.9926863428586143
-0.08444233056077566,1.0492490641714345,0.6020514813472392,-0.5269465151423354,-0.3554660569138486
-0.07299859573025974,1.6891682546222722,2.9499960310558375,-0.061150292703106846,-0.3381190962145741
0.6487864875110829,0.008324003645488173,1.5591153539409286,2.1384417024877167,-0.336423552071918
1.9682579670609637,-1.215311078333963,-1.0306137926014243,-0.4051443007980346,-0.32692649481054575
0.42765442662045966,-0.06667253223431913,-0.08877102132200243,-0.4828955170838657,-0.3395680757661432
1.2853890938642711,0.11400681660011765,0.0007858653243607017,1.1333243441962346,-0.3427687851146025
-0.8296936505617913,0.02866336760860011,-0.2837082795273169,0.058310588573941724,-0.3242623202962625
0.9838285080481884,0.45377246305837105,-0.08169611174522057,-1.540941647839592,-0.34813034499230755
1.0260198436199863,1.4728257398109215,0.29508471067007197,-0.9659345538494468,-0.37416202219431177
-0.8390916005460645,1.6652621131441794,-0.2730621997935993,-0.41592747595172364,-0.3120840986588826
1.464329896850233,-0.5858731270191626,-0.255657131361926,-1.3493078318227583,2.9812445879667964
-0.044947832284555345,0.15538465260147394,-0.974256496436484,-0.30646802946753504,3.0593016770255557
-0.20458873455809767,-1.9557435281030933,1.0355099283431426,2.9773274246620183,-0.3249099701080614
0.4684627009015326,-1.4401704380682034,-0.5410967393416625,-1.3218528045627307,-0.3409686247183872
0.37407822647034733,0.4220164957739747,-0.6576900412246889,-0.8654955205035555,-0.3454158564061481
-0.4051734561703553,0.19904168492759827,-1.003778958985977,-1.4342889538615509,-0.3136385764068439
-0.7034288948346867,1.1345544827865122,1.052643413010609,-0.37022552918074186,-0.3640962862554609
-0.8870502175923309,0.4350722866702196,0.809718677182065,-1.2089354168928443,-0.3248296277776448
-1.0064012332204517,0.5106697001442112,3.1379204391846356,-1.3158774824241783,-0.3273771536839838
-0.29241826760241596,1.8344565855411479,1.248651226750561,2.4591835854437383,-0.34306983030665983
2.0705097683465055,1.5322130719666847,-1.0167128641728935,-1.1809424432796263,-0.35718056815492105
0.08454904836204272,-1.6603105232847724,-0.9236889238366601,-0.11250560180891367,-0.3009900565705618
1.1036947960235972,0.5487574561731927,-1.2281690038717559,-0.7427145485095848,-0.33334961856892964
-0.4929433513519307,2.0257159401588196,-0.41200407095231506,1.4381740552840885,2.8407301211528386
-0.7417936543914689,-1.9954313115396394,-1.0522293560086997,4.119670196282824,3.112452267223702
-0.4405919440672335,0.08287795391064318,-1.3693339984223512,-1.1739280123250606,3.064130537849989
0.5436863182584393,0.13438939415305912,-0.7132774758137865,0.8366767256570808,-0.35054322626119383
1.9049156284966706,0.28722683286313333,-1.0779489912126052,-1.3042239302343688,-0.3532043261139231
0.19877878843475,-1.1669704096821192,0.39393889034541046,-0.15054871451306118,-0.3062447287124371
-0.5846154562423238,1.3564555610579503,0.8714526741776618,2.1700110871790486,-0.36300677301432144
-0.18445330965435158,1.7109578022519552,-1.4851283631041894,-1.1734670114862331,-0.3548835051548509
0.42908256458283134,1.6027238831427972,0.2009243103541214,3.1523649322970226,-0.3285923650261735
-1.1212948731474863,0.19106124168176464,0.17859291960630053,-1.1185871379853192,-0.3510645361639208
0.8724859185432239,0.41365994483231505,0.17500503588386784,0.38657645880107827,-0.3268009130371995
0.4280897965210979,-0.5961457531557106,1.4511037343652948,0.4075587085018436,-0.3298064130913239
0.4802474722544192,-1.3589986244193542,-0.3853079032798502,2.202198979691008,-0.30534306064534916
-0.952921751287321,1.1029911137471073,-0.5842074337964207,-0.1511287023325536,3.0115959189058246
1.059371038532672,1.38446071720637,2.3128074637768794,0.0361743439384134,-0.32982490785914925
0.3624986689400407,1.0474897801438725,1.3370161900346063,-0.6093037634174697,3.0878396800648593
-0.1668221912583181,-1.5226893144649598,-0.8891952915777213,0.537377920461422,-0.3511345567505384
-1.1542453561466017,-1.7843827755506048,2.681058431263666,-0.3427234271346772,-0.3069975588250924
2.028660856095168,-1.3305273648498752,-0.08658728315388498,-0.8510262051012277,-0.3470914212656536
0.0001723151570207082,-0.7092339291086539,-1.058460229106715,0.9544033509070995,-0.31791810683414684
1.0283954339070356,1.8338532643177885,-0.05410548253005942,0.5759272272545277,2.9410478380976555
-0.36335092328863483,1.1684367720461393,-1.1421584409924077,-1.1406647968156147,-0.34928025236828913
0.8874645943644979,1.5370653522662625,-1.1226795164395527,-1.1736440154973362,3.182558741016223
-0.8562835211229771,1.0002170308432237,2.222766094928167,-1.0683766774487298,-0.31234392393966803
0.8846999191554259,0.9669341205754334,-0.8345370616710912,-0.14115477978163654,3.148767081920243
-0.24313958859281057,1.3322789771684365,-0.35094649550019785,0.458625505928765,-0.3038395290833105
-1.0273432164414267,1.1753976357323375,-0.5127675896418978,0.7622821442786163,-0.3380093637566137
-0.07736084370677937,0.24017719071355337,-0.010383027001907685,0.997773248286474,3.171497487381427
-0.07431475100661539,0.02364259676122593,0.28062261830710644,-0.8518341675607592,3.04535446822694
-0.46087742509806706,1.590237378845478,-0.9911748871522779,-0.3300866914452161,3.033483796412798
0.787707023862708,1.4107827315842267,-0.4950696505129322,0.6122515372486148,2.908384983453872
0.07533950680724946,0.6416522395462478,-0.40918940028126816,-1.3164590464951107,-0.3526262396005264
-0.9728214888399347,1.0928859644309807,2.3161859026297678,-1.1460652567356675,-0.312796414640168
-0.7524252442420627,1.0940478054782103,-0.33446773985190154,-0.8270100772308193,-0.3407158593258404
-1.1146220933053563,2.0200580147363727,-0.14641939543328275,2.947915430297636,-0.3397185262632303
-0.048976824371429695,1.4839316412329844,0.7534319244203421,0.3161238224457484,-0.3106563646242069
0.20850620210528664,-0.5704489219773772,-0.6693175093329448,-0.16170823305827853,3.1066265251256127
2.4752375765529093,1.421497366266388,1.4771818899965212,3.3398090789512036,3.0991201553811725
0.5982757575879066,-1.078602032301265,0.25806225263180205,0.05557343449339747,-0.3634330645765355
4.277820620982879,1.9848226724265259,-0.9041692899360464,-1.285273368250539,-0.3380611091940884
0.23448704194266795,1.07274952473687,-0.7192399422797542,1.4711173802018898,-0.3300760112363398
-0.2559690855713479,1.5475133446792633,-0.32672263434704407,0.43382574582914585,3.0244396502145885
-0.6147229194570124,1.5104453942470601,0.8935028934731063,-1.1241235077616691,-0.3480608699425084
0.799857641838278,0.0010434863966388847,-0.9204980365597263,-0.996842358986026,-0.3334693197762771
2.266427990155191,0.17048792807767676,-0.6535327160647388,0.24027722083786224,-0.332838313517291
-0.030848551242750655,1.1403379106638059,0.6748027735966515,3.2743216733039313,3.183788775965141
-1.1110250667031385,0.8387096583273498,-1.171167520936711,-0.2051491539640501,3.2062386112833563
-1.3932982359688357,-0.4509429130985584,0.7242132975113879,-1.0138743354050892,-0.3746239635179313
-1.3709445650059051,0.4938540623710016,-0.45306461935447295,3.743279278155636,3.1696260584124363
-0.1467635555446768,-0.9946545209012343,1.2575792604358507,2.145343157246131,2.6775188809603954
-0.0813321340522648,1.433442463364625,-0.44937441285457586,1.2446759721849905,-0.3455095436635659
-1.1529491600723345,-1.489819102544776,1.5727410417589707,0.06263824100237869,2.997364086401268
-0.6650195745907479,0.3568999471699679,1.5596162075714242,-0.8495547251070183,-0.3437248858141966
1.3911884733115027,1.4857460039789343,-0.5835020601360588,1.9683050604295071,-0.3278894595550063
-0.4972559492222872,0.33604079287349015,-1.044195958423307,0.8514685203340634,-0.3718774316634633
3.6843219557522833,0.3430645407000438,-1.3785396087502901,0.26590967984739494,-0.31413296647436056
0.9535205832562588,0.6662579617262775,-0.6026829149955049,-0.22876665936315965,2.9099665017694187
-0.059534569750991015,1.2863840399282764,-0.587669069450498,-1.1304699801368878,-0.3236011096158051
0.051413916774618595,0.5815944083087008,0.09570215552945438,0.2296348023775877,-0.32351355496774464
0.8492056850048919,1.694457535452842,-0.46922908812289904,-1.0844061599899992,3.14229266755596
-0.48165109155294683,1.8889004263047,-0.14128470785107627,0.028445148769781492,3.0729072056646327
-0.3052174905969077,-1.1794688692815927,1.4799903484758579,-1.236862056601736,-0.366781601658559
-0.8996489286246061,1.7571965626130523,-0.45989954409716594,0.1414777561821377,3.236652301235949
1.4952745478297582,1.6304830481023145,0.6144464439054003,-1.111066717042109,-0.3199474556631648
-0.23096787672966154,-0.39041849779479587,-0.3695278303424644,0.5451385823110564,3.132908930429547
1.1483251770629588,-0.6517793590634597,-1.1428317942287274,0.3097515605100536,2.8625205314761923
-0.12392313538863742,0.9227065015882311,-0.3584947530800521,0.26051160018252095,-0.3550670569006573
-0.09500662077831212,-0.868634452646007,-0.9958335729351991,2.6607723198986197,2.9278499139503746
0.08345447681897314,-0.2910956620128121,0.1949950232098788,-1.0876269552943414,2.9746143555502287
0.7654978055231783,0.30388970195168435,0.024886730043017044,0.43806038033930417,-0.3691077091458112
4.928828424259299,-1.5834336362787698,0.27495981292466404,0.25892095095272116,-0.31843901961816035
-0.5300961085699326,1.787352234387239,-0.16767166569865655,-1.0046684564440087,-0.3073853071414033
0.3966929485334305,0.9973346777118808,-0.8614310218101949,0.7593064706099,-0.33353218620910274
-1.3011189645968857,0.5153153148067238,1.2481919349145085,-0.30541694255924123,-0.31953600323725245
3.0008143712504847,-0.6701930138719931,-0.6429240440730419,1.8118864758738844,3.0499801853675264
-1.0680030062610637,1.5545568524897264,0.6442565089530105,-0.12697260765679175,-0.3370815343243162
-0.03435103763494707,-0.42923122840385414,0.5437895824029431,-0.8776797098314864,-0.33339631411380855
1.7595444545963401,-0.312527574805477,-0.22856223574384726,-0.031497562615467656,-0.3251247524996238
0.6422997683397051,0.44117103902612137,-0.5163729596003945,-1.325733441312427,-0.33981102199737034
-0.08084680784870657,1.5442871059623782,-0.2652217430807329,-0.9689432694298408,-0.36901327244381804
2.6947207985271544,-1.2000341753277275,0.27719703200616475,-0.3939782514523336,-0.32223644124186185
1.1892930696471122,1.3875655307969326,-0.37921453719369314,-0.8172686722691012,-0.32740324184296593
-0.7004824132946038,1.8447214170687385,0.7570648119036936,0.7905562074992136,-0.3488217052731344
-0.72160311786033,1.1165692155088045,-0.2244434593942587,-0.12143350253613328,-0.3367714568125316
2.567719789645502,-1.0632720168773682,0.10336816306257357,-0.35026071495587363,2.762420155620828
0.7252313655897795,1.097383691174459,-0.027313483387574777,0.20682507257361293,-0.3246621787276829
0.6020319887283894,1.2091667260465282,-0.21704099164157414,-1.2847737290904926,3.179221012285085
-0.8480107406761201,0.9870694772375493,-0.41481375376414925,0.37238702333041174,-0.31897857157680415
-0.02816923959195572,1.5384543738958438,-0.7524991557949675,1.2661680669680748,2.762714816720794
0.9437795517966925,0.4578428710073929,-0.8072539728190923,1.0376376831385723,-0.3367006841071386
-0.7267163857592034,1.9312447029238957,1.6259894246366815,-0.9579577905003394,-0.34676758599722884
3.452627534290399,-0.17487309025216757,-1.1443386108637457,-0.048799704164096847,3.1729278387391773
-1.0230868497599568,0.3935340560237379,0.884910571608966,0.4675766581351539,-0.3329710835404803
-0.07415229837769233,-0.9827186024922869,0.6694976852903545,-1.2960050258636986,-0.3190728424783917
-0.31372856227556656,0.48785371984740133,1.084810677198265,-0.09750130113969507,-0.3370726238896149
0.7107500800242953,0.5318560601076888,-0.6251392590621168,1.136654475419334,3.03238945931004
-1.3639678552213046,1.2371165182426545,-0.6889111643038488,-0.33719683890497787,-0.32389974556250284
-0.03807546382748561,-0.013254878028128747,-0.4998495899887323,2.2034345338309014,-0.3206577700056825
-0.8161914327310068,1.0506285786473102,0.44811625515924325,-0.5879787824535778,3.0813243099536844
1.0499648586597083,0.18797218041509567,-0.4931296073894372,1.9401742581916923,-0.3102834848603988
4.189264401545206,1.0451819884223177,1.5838707126015867,1.7980733480345468,-0.30681462749370697
-1.0879953642433593,0.8880266358816147,-0.3404348370870777,0.35468309168186846,-0.33059575138361363
-0.29577270169326203,0.7847459225668769,0.3287404330616605,0.5973423171538104,-0.3594747938286953
-0.8210297778836969,1.3449590222560497,1.6235732204865019,2.2248314226116452,-0.3105748496570507
-0.37645928435807685,1.6830323614956182,1.2289266815675055,-0.2081148521200268,-0.30598258757437335
-0.07280401720435736,1.333684374263255,0.33199988061224206,1.2567432699613972,3.0006348916025534
-0.9275526838671417,-0.3507532506144169,1.6423453611378016,-0.15956494036430285,-0.33282741147207234
1.2912653522615085,1.1539028628001253,-1.303031790452326,-0.3020900172671687,-0.3394867326163427
-0.32375164613037144,1.8330365904508517,-0.33972912209826717,-0.914828609045192,-0.344805967302451
-0.8761265701299988,-1.588636811819882,0.03281038475720764,1.230749771494391,-0.3212799681181208
-0.7726119079998016,0.5657555076310992,-0.4929559368557748,-0.3998779602379862,-0.3536427699098981
3.33382896628538,0.6377725969545512,1.7061581929844007,-0.22826642765807711,-0.3382454270982207
-0.32619614727621205,-0.9498133856700427,-0.492994574029876,-0.4042081496337402,2.854191969719511
-1.096381808754368,1.0901880970982296,-0.7987344476246242,2.1527321172629854,3.14386697149455
-0.7740552268746225,-1.5160629276076765,-0.9348534567384851,0.45635143981876114,-0.35358934072919157
-0.7570196706648794,-0.3496460245405652,-0.29576965392292404,0.20911449336480048,-0.3323571500434215
1.4556007336132757,1.845755893373812,0.20015134285271924,0.21957322799050916,2.7326147385589254
1.2349453795339393,0.09205799728723355,-0.8091664997352166,3.7230907154028796,-0.32366802478756773
7.6590266209038536,0.09791704351142,-0.5030861948166774,0.584557987972787,-0.33547252361956104
0.32019064526072916,1.0223843115817854,-0.22109599897924914,-0.7388151509384722,-0.31324501437953645
-1.3952105574926517,-0.36593821584119507,-0.5858779020784454,0.6414064028126301,-0.35168166934138784
6.217128379258881,1.494744181652115,-0.9423991223045937,-0.05319076953550461,3.0926432203138647
-1.3485841370772929,0.7094738079712164,0.03323167081805756,-0.1418055798327587,-0.3590524935101161
1.6784611249489454,-0.05709162368916343,0.9507136753320835,0.149061959648503,3.147010651510863
1.022392034423512,-1.5728725971163475,0.41761112481978424,2.6166773009366846,-0.3334202856434191
0.2729297559829531,0.35151133939933404,0.27899241501604843,-1.0265057559144344,2.9209793473677292
-0.1393678502363913,2.015144143099132,0.19307669575988828,-0.7091491253130822,-0.3142515378321698
-0.7784078765686262,1.8334212262427343,-1.230959788266233,0.4282868890218695,2.8294669898629676
-0.9899928551712185,0.3204646389507058,1.164759640249443,-1.0171720757206215,-0.32090711643341363
-0.2999534274102991,1.7675238577460544,0.6427563014219175,0.7198193055971304,-0.3264598241640663
0.3815489417743934,1.9796035631213562,-0.28379604060958213,-1.0653965816209539,-0.31859522766804216
0.950436171398202,0.3585462955545198,0.6008128304927803,-0.19234597765914774,-0.3308800656517271
2.1442031323994715,0.7785284561144614,1.4744551929103045,-1.1761780652064961,3.168455884483094
-0.6294032296496038,0.16016879655599436,0.12942337277319255,-0.6751417605709631,-0.33651160345264525
0.46013328732930525,-0.02397826415233778,0.7369374896398376,-1.5286608847464027,-0.33417544297870305
-0.9048331967771008,-0.7665264170246877,0.029568743899029082,-0.5862580160434524,-0.331000962226515
0.7909821890221433,1.423412563342093,-0.443581787770785,0.29997569345814434,2.669883444408382
1.3031350721083976,0.4252019727291664,-0.6774860955634558,-0.9355701060386072,-0.33415760338989986
0.43421880477664515,-1.232105619461655,-1.2702078660492528,-1.372421972342913,-0.35518670863530305
0.03579187385984528,0.12847965116778295,0.36478311154798326,0.5994053636569823,-0.32720621212870377
0.6825075168948823,1.4019333623657542,-0.6963098973328151,-0.7667834122441348,-0.34543984498378416
-0.7628431943070713,1.5288960963007905,-0.20670813857115583,1.302884687001324,-0.3225396032722126
-0.828357989292855,-0.7852769394223018,0.2629527039867748,-1.4217281880231316,-0.3598438708799748
-0.28961800532162957,1.2246740894501074,1.139696705347958,-0.55142961592286,-0.36709562495257697
0.9128002520978159,-0.4302614923996254,-0.6038881866917652,3.6398747624692644,-0.3261794209135851
0.7647311793495626,0.6470621591023175,-0.042623689073870374,-0.08248135173314214,-0.3353808500348113
0.11870746825496997,-0.02440128516219875,1.1454123059207542,-0.8682605604697706,-0.36690265199985206
-0.7326829397617527,-0.5376929545529789,-0.9098028294025751,0.45131391961241546,-0.3391144929891812
-0.019863806935728145,-0.10146883259521944,-0.9844060206055331,2.1648323056345675,-0.32098340467649317
1.0053437988654688,-1.6484495456205885,0.7053085197355269,-0.40952610597990513,2.9142664414627633
0.036293780552596605,-0.704137406995913,0.5199606149692959,1.0620938686238586,-0.33244871799726766
2.160061244206662,-0.0492583264160007,1.0429620048587667,-0.6424948965064258,-0.3467508304622873
-0.04102662354355821,-1.0568561320277101,-1.410713645979024,-0.31611230658011946,-0.34807970633939533
0.5222784125988051,0.04784236054732138,0.8889668441493341,1.4977912202711727,-0.3048060170863902
-0.11737795610360058,-0.19300508028952768,-0.4286471791289701,0.45835842452968856,-0.33261876503261745
0.006745906572029892,1.7702688466747851,0.2730315553420124,0.8934078264193787,-0.3494956752307732
0.9764797612623783,0.8658336719812441,-0.4859082739188283,1.8197291005008625,-0.3525748140642376
2.5601497076714788,1.1351172287763076,-0.5025458895267806,-0.46442047278747023,-0.315186956978599
0.05674340884795254,1.028503890045441,-0.8196826564232267,-0.8088030568311172,-0.3231245083272899
3.833344748855655,1.7789745373730976,-1.2014666406318366,1.6547668384849645,-0.36810273940343036
-0.3653133810396256,-0.05254247910223164,0.9118695092612383,-0.6718058903990561,-0.3298692113320473
0.37413115658539664,0.3066338666695939,-0.6143644267384807,-1.231458635493962,2.9455801657459455
-0.8393169332179478,-1.0128027240374522,-0.5082201548629357,1.8092698280411432,-0.36439530060147146
-0.7774372673167187,-0.006963016175904058,0.663351890157343,0.8769085029003635,-0.33643507653720767
0.37913525751773436,-0.7176164294958952,-0.7169184314161311,-0.3778296632047514,-0.3330683027476676
-0.2784282712328322,-0.9325720189236038,0.3047904030829244,0.24057213883765144,-0.3083216087738622
1.3114876904398438,-1.3863002173353445,-1.1543713114269232,0.22426130078023937,-0.32374051834071893
1.058534610265889,-0.5968817816570318,1.3196355053219126,0.36950448999986807,-0.32083204628847534
-0.33258902629758946,1.5186362580904826,-0.6745694487785836,1.0665475973690837,-0.3519049256044867
0.5736319507106711,1.8478124444676705,1.4904657519469882,-0.03612304606006622,-0.32115924937763896
-1.2146793758862782,1.6387057947569343,-0.06493638140349856,4.342584990945977,-0.35446893060033297
-0.15979094449033726,-0.13779307373648758,0.10130281319275147,-0.3827359713821369,-0.31091308248448724
3.42992046710392,-0.40608493490832714,-0.19871350992389636,-0.7808943048270442,-0.3114519926351093
